,IWRmultiplier,RESloss,TBDmultiplier,M_Imultiplier,ShoshoneDMND,ENVflows,EVAdelta,XBM_mu0,XBM_sigma0,XBM_mu1,XBM_sigma1,XBM_p00,XBM_p11,shift,Controlvariable
3600507,0.0,0.0,0.0,0.0,0.0,0.0,0.0,0.0,0.0,0.0,0.0,0.0,0.0,0.0,0.0
3600603,0.0,0.0,0.0,0.0,0.0,0.0,0.0,0.0,0.0,0.0,0.0,0.0,0.0,0.0,0.0
3600642,0.0,0.0,0.0,0.0,0.0,0.0,0.0,0.0,0.0,0.0,0.0,0.0,0.0,0.0,0.0
3600645,0.11362918629812158,0.0013689388370589086,0.00014934992484705312,0.0015619384905093405,0.0009339507503406397,0.0017100141061177074,3.8728352101946575e-06,0.19715102266171655,0.0014551325036959994,0.2658890497690538,1.8566758913651784e-06,0.10051203488408844,0.047459203217722463,0.15694468799474734,0.0044641379646708215
3600658,0.0,0.0,0.0,0.0,0.0,0.0,0.0,0.0,0.0,0.0,0.0,0.0,0.0,0.0,0.0
3600660,0.0,0.0,0.0,0.0,0.0,0.0,0.0,0.0,0.0,0.0,0.0,0.0,0.0,0.0,0.0
3600671,0.0,0.0,0.0,0.0,0.0,0.0,0.0,0.0,0.0,0.0,0.0,0.0,0.0,0.0,0.0
3600687,0.0,0.0,0.0,0.0,0.0,0.0,0.0,0.0,0.0,0.0,0.0,0.0,0.0,0.0,0.0
3600709,0.0,0.0,0.0,0.0,0.0,0.0,0.0,0.0,0.0,0.0,0.0,0.0,0.0,0.0,0.0
3600725,0.0,0.0,0.0,0.0,0.0,0.0,0.0,0.0,0.0,0.0,0.0,0.0,0.0,0.0,0.0
3600728,0.0,0.0,0.0,0.0,0.0,0.0,0.0,0.0,0.0,0.0,0.0,0.0,0.0,0.0,0.0
3600729,0.0,0.0,0.0,0.0,0.0,0.0,0.0,0.0,0.0,0.0,0.0,0.0,0.0,0.0,0.0
3600734,0.0,0.0,0.0,0.0,0.0,0.0,0.0,0.0,0.0,0.0,0.0,0.0,0.0,0.0,0.0
3600765,0.0,0.0,0.0,0.0,0.0,0.0,0.0,0.0,0.0,0.0,0.0,0.0,0.0,0.0,0.0
3600775,0.0,0.0,0.0,0.0,0.0,0.0,0.0,0.0,0.0,0.0,0.0,0.0,0.0,0.0,0.0
3600780,0.0,0.0,0.0,0.0,0.0,0.0,0.0,0.0,0.0,0.0,0.0,0.0,0.0,0.0,0.0
3600796,0.0,0.0,0.0,0.0,0.0,0.0,0.0,0.0,0.0,0.0,0.0,0.0,0.0,0.0,0.0
3600801,0.0,0.0,0.0,0.0,0.0,0.0,0.0,0.0,0.0,0.0,0.0,0.0,0.0,0.0,0.0
3603543,0.0,0.0,0.0,0.0,0.0,0.0,0.0,0.0,0.0,0.0,0.0,0.0,0.0,0.0,0.0
3604512,0.0,0.0,0.0,0.0,0.0,0.0,0.0,0.0,0.0,0.0,0.0,0.0,0.0,0.0,0.0
3604684,0.002286791566909696,0.00453657703122845,0.7257667757193267,0.00017232723662563565,0.0012826446616047704,0.0002670568369468329,0.003688169619268433,0.01114294847611963,0.0011815735758409216,0.051155345185965984,0.00012193385080194741,0.005002066446664011,0.015202830052623241,0.015814818826823895,6.363104933193586e-05
3700519,0.0,0.0,0.0,0.0,0.0,0.0,0.0,0.0,0.0,0.0,0.0,0.0,0.0,0.0,0.0
3700539,0.0,0.0,0.0,0.0,0.0,0.0,0.0,0.0,0.0,0.0,0.0,0.0,0.0,0.0,0.0
3700545,0.0,0.0,0.0,0.0,0.0,0.0,0.0,0.0,0.0,0.0,0.0,0.0,0.0,0.0,0.0
3700548,0.0,0.0,0.0,0.0,0.0,0.0,0.0,0.0,0.0,0.0,0.0,0.0,0.0,0.0,0.0
3700560,0.0,0.0,0.0,0.0,0.0,0.0,0.0,0.0,0.0,0.0,0.0,0.0,0.0,0.0,0.0
3700561,0.0,0.0,0.0,0.0,0.0,0.0,0.0,0.0,0.0,0.0,0.0,0.0,0.0,0.0,0.0
3700571,0.0,0.0,0.0,0.0,0.0,0.0,0.0,0.0,0.0,0.0,0.0,0.0,0.0,0.0,0.0
3700642,0.0,0.0,0.0,0.0,0.0,0.0,0.0,0.0,0.0,0.0,0.0,0.0,0.0,0.0,0.0
3700655,0.0,0.0,0.0,0.0,0.0,0.0,0.0,0.0,0.0,0.0,0.0,0.0,0.0,0.0,0.0
3700658,0.0,0.0,0.0,0.0,0.0,0.0,0.0,0.0,0.0,0.0,0.0,0.0,0.0,0.0,0.0
3700686,0.0,0.0,0.0,0.0,0.0,0.0,0.0,0.0,0.0,0.0,0.0,0.0,0.0,0.0,0.0
3700694,0.0,0.0,0.0,0.0,0.0,0.0,0.0,0.0,0.0,0.0,0.0,0.0,0.0,0.0,0.0
3700723,0.0,0.0,0.0,0.0,0.0,0.0,0.0,0.0,0.0,0.0,0.0,0.0,0.0,0.0,0.0
3700743,0.0,0.0,0.0,0.0,0.0,0.0,0.0,0.0,0.0,0.0,0.0,0.0,0.0,0.0,0.0
3700823,0.0,0.0,0.0,0.0,0.0,0.0,0.0,0.0,0.0,0.0,0.0,0.0,0.0,0.0,0.0
3700830,0.0,0.0,0.0,0.0,0.0,0.0,0.0,0.0,0.0,0.0,0.0,0.0,0.0,0.0,0.0
3700843,0.0,0.0,0.0,0.0,0.0,0.0,0.0,0.0,0.0,0.0,0.0,0.0,0.0,0.0,0.0
3700848,0.0,0.0,0.0,0.0,0.0,0.0,0.0,0.0,0.0,0.0,0.0,0.0,0.0,0.0,0.0
3700857,0.0,0.0,0.0,0.0,0.0,0.0,0.0,0.0,0.0,0.0,0.0,0.0,0.0,0.0,0.0
3704516,0.0,0.0,0.0,0.0,0.0,0.0,0.0,0.0,0.0,0.0,0.0,0.0,0.0,0.0,0.0
3704614,0.00046336279600756036,0.0030021521584663318,0.8429569010627903,2.1688371376726856e-05,0.00010538304049545476,0.0007699741815200277,0.0015704835603552734,0.00251375442014945,7.378728843787652e-05,0.008522282924042224,5.180068526422499e-05,5.6824741336392044e-05,0.006306789295806303,0.004248007753400396,1.9611082423542925e-06
3800516,0.19818590981851905,0.00029072875854752045,0.00013350097905240332,0.0005594514841308351,0.0001185221651720525,0.0014682042378145743,0.00030132943092964215,0.26172158462882,0.00031997995432531123,0.11989533499794093,9.609474456440116e-05,0.0768128981850612,0.03902336537692763,0.21675206440152472,0.002967277220853548
3800528,0.0,0.0,0.0,0.0,0.0,0.0,0.0,0.0,0.0,0.0,0.0,0.0,0.0,0.0,0.0
3800545,0.0,0.0,0.0,0.0,0.0,0.0,0.0,0.0,0.0,0.0,0.0,0.0,0.0,0.0,0.0
3800547,0.0,0.0,0.0,0.0,0.0,0.0,0.0,0.0,0.0,0.0,0.0,0.0,0.0,0.0,0.0
3800569,0.8131532809711428,0.0001374185328752997,0.0005395272576680377,8.37980274782657e-05,0.00017308330340182199,0.004291894975215539,0.004758512965282069,0.02510767567011973,0.0023340308099372158,0.00577474071540951,1.5205766219605897e-05,0.01670840814861818,0.002766854170604627,0.04380562645371133,4.994692948123713e-07
3800572,0.0,0.0,0.0,0.0,0.0,0.0,0.0,0.0,0.0,0.0,0.0,0.0,0.0,0.0,0.0
3800573,0.0,0.0,0.0,0.0,0.0,0.0,0.0,0.0,0.0,0.0,0.0,0.0,0.0,0.0,0.0
3800574,0.0,0.0,0.0,0.0,0.0,0.0,0.0,0.0,0.0,0.0,0.0,0.0,0.0,0.0,0.0
3800606,0.0,0.0,0.0,0.0,0.0,0.0,0.0,0.0,0.0,0.0,0.0,0.0,0.0,0.0,0.0
3800618,0.0,0.0,0.0,0.0,0.0,0.0,0.0,0.0,0.0,0.0,0.0,0.0,0.0,0.0,0.0
3800639,0.0,0.0,0.0,0.0,0.0,0.0,0.0,0.0,0.0,0.0,0.0,0.0,0.0,0.0,0.0
3800651,0.0,0.0,0.0,0.0,0.0,0.0,0.0,0.0,0.0,0.0,0.0,0.0,0.0,0.0,0.0
3800659,0.0,0.0,0.0,0.0,0.0,0.0,0.0,0.0,0.0,0.0,0.0,0.0,0.0,0.0,0.0
3800660,0.0,0.0,0.0,0.0,0.0,0.0,0.0,0.0,0.0,0.0,0.0,0.0,0.0,0.0,0.0
3800663,0.0,0.0,0.0,0.0,0.0,0.0,0.0,0.0,0.0,0.0,0.0,0.0,0.0,0.0,0.0
3800667,0.38467602201586826,9.11145362081367e-06,0.001345018532137976,0.0003202734407823371,0.0011110474873146092,0.0010217341378699896,0.004892921698670616,0.009652871734695869,0.004358101664122428,0.024952692923737696,0.00013212958070007996,0.009985161662886544,0.002310557600622376,0.1949255686555632,0.00014314519346647625
3800688,0.0,0.0,0.0,0.0,0.0,0.0,0.0,0.0,0.0,0.0,0.0,0.0,0.0,0.0,0.0
3800712,0.0,0.0,0.0,0.0,0.0,0.0,0.0,0.0,0.0,0.0,0.0,0.0,0.0,0.0,0.0
3800715,0.0,0.0,0.0,0.0,0.0,0.0,0.0,0.0,0.0,0.0,0.0,0.0,0.0,0.0,0.0
3800720,0.0,0.0,0.0,0.0,0.0,0.0,0.0,0.0,0.0,0.0,0.0,0.0,0.0,0.0,0.0
3800740,0.0,0.0,0.0,0.0,0.0,0.0,0.0,0.0,0.0,0.0,0.0,0.0,0.0,0.0,0.0
3800749,0.0,0.0,0.0,0.0,0.0,0.0,0.0,0.0,0.0,0.0,0.0,0.0,0.0,0.0,0.0
3800755,0.0,0.0,0.0,0.0,0.0,0.0,0.0,0.0,0.0,0.0,0.0,0.0,0.0,0.0,0.0
3800757,0.0,0.0,0.0,0.0,0.0,0.0,0.0,0.0,0.0,0.0,0.0,0.0,0.0,0.0,0.0
3800798,0.0,0.0,0.0,0.0,0.0,0.0,0.0,0.0,0.0,0.0,0.0,0.0,0.0,0.0,0.0
3800800,0.0,0.0,0.0,0.0,0.0,0.0,0.0,0.0,0.0,0.0,0.0,0.0,0.0,0.0,0.0
3800822,0.6407713857377191,2.6709076961228817e-06,0.002466309385936283,3.4205702304279655e-05,0.00041310379248027385,0.0029823600972312962,0.004263144244799566,0.07090483831790295,0.0009685662222258528,0.013721720209040613,8.88514875994062e-05,0.02046628648222082,0.0061371147720471475,0.1316392730652407,1.1126406085804064e-05
3800838,0.0,0.0,0.0,0.0,0.0,0.0,0.0,0.0,0.0,0.0,0.0,0.0,0.0,0.0,0.0
3800840,0.0,0.0,0.0,0.0,0.0,0.0,0.0,0.0,0.0,0.0,0.0,0.0,0.0,0.0,0.0
3800861,0.0,0.0,0.0,0.0,0.0,0.0,0.0,0.0,0.0,0.0,0.0,0.0,0.0,0.0,0.0
3800879,0.4497920409935857,9.516825971322973e-05,0.000578832467518775,0.0003940737058464317,2.360815273350081e-05,0.0020000317912930447,0.0038828085729539774,0.13523754116610553,0.0012932051790570664,0.14583453665395185,0.0003015841896977234,0.07849765327265623,0.03588785124880167,0.028210716539240118,0.004184201753231309
3800881,0.07420961634323052,0.0012653757664057295,0.000398356079220008,0.0018908590429169703,0.00015359777939483177,0.0025238168999336397,0.0004568032656085963,0.10561982883523767,0.002894084470810077,0.11049938188552587,0.0009699864439323137,0.035718081759839926,0.013889420763192216,0.5604474168648516,0.0006013470052155245
3800890,0.0,0.0,0.0,0.0,0.0,0.0,0.0,0.0,0.0,0.0,0.0,0.0,0.0,0.0,0.0
3800893,0.6441051143285881,7.077040231617816e-07,0.0010773409957894886,0.0003435097397496145,6.862031400023394e-05,0.002133804901339742,0.006063996089903156,0.04724968971119559,0.0021820448832716717,0.01845713490762824,7.366601555380825e-05,0.022706842031683938,0.005597588075413329,0.13052730455903006,0.00017268227754274612
3800902,0.3322712595764872,9.534083921713954e-05,0.0009067137007662264,0.0005117028917761557,0.0006042584303360687,0.0007212204895138408,0.003946887800804322,0.02549934965129541,0.004088267571726757,0.0867219884002195,0.0018853028206402558,0.027828292920660136,0.010149006345441249,0.21462610316293615,0.0002632754080049704
3800920,0.0,0.0,0.0,0.0,0.0,0.0,0.0,0.0,0.0,0.0,0.0,0.0,0.0,0.0,0.0
3800924,0.0,0.0,0.0,0.0,0.0,0.0,0.0,0.0,0.0,0.0,0.0,0.0,0.0,0.0,0.0
3800925,0.0,0.0,0.0,0.0,0.0,0.0,0.0,0.0,0.0,0.0,0.0,0.0,0.0,0.0,0.0
3800930,0.0,0.0,0.0,0.0,0.0,0.0,0.0,0.0,0.0,0.0,0.0,0.0,0.0,0.0,0.0
3800939,0.0,0.0,0.0,0.0,0.0,0.0,0.0,0.0,0.0,0.0,0.0,0.0,0.0,0.0,0.0
3800959,0.0,0.0,0.0,0.0,0.0,0.0,0.0,0.0,0.0,0.0,0.0,0.0,0.0,0.0,0.0
3800966,0.0,0.0,0.0,0.0,0.0,0.0,0.0,0.0,0.0,0.0,0.0,0.0,0.0,0.0,0.0
3800968,0.0,0.0,0.0,0.0,0.0,0.0,0.0,0.0,0.0,0.0,0.0,0.0,0.0,0.0,0.0
3800970,0.0,0.0,0.0,0.0,0.0,0.0,0.0,0.0,0.0,0.0,0.0,0.0,0.0,0.0,0.0
3800981,0.0,0.0,0.0,0.0,0.0,0.0,0.0,0.0,0.0,0.0,0.0,0.0,0.0,0.0,0.0
3800989,0.1687719721175065,0.0004605444847329832,0.0002940840153772273,0.000812870196654214,2.9787827759975016e-10,0.001962054999323337,0.00042461459437703736,0.08405264965577719,0.0029793674280824693,0.05381941334050655,0.0014923816291546599,0.02381324300405041,0.008134782025830845,0.5835166246332332,4.610185521181087e-05
3800994,0.3680731879443817,0.0008336349042412651,0.0011859969371169619,0.0010900172406752562,7.178519016326489e-06,0.0035333835340721764,0.00245218833530203,0.09526280936762156,0.0012498268915109856,0.057972583312693726,0.0010146044010164168,0.030798522164557363,0.005970478495512355,0.3461860575923639,1.0100037775240269e-05
3800996,0.0,0.0,0.0,0.0,0.0,0.0,0.0,0.0,0.0,0.0,0.0,0.0,0.0,0.0,0.0
3801012,0.0,0.0,0.0,0.0,0.0,0.0,0.0,0.0,0.0,0.0,0.0,0.0,0.0,0.0,0.0
3801018,0.0,0.0,0.0,0.0,0.0,0.0,0.0,0.0,0.0,0.0,0.0,0.0,0.0,0.0,0.0
3801038,0.021414099024198663,0.0013389017496530098,5.584030714644861e-05,0.0009275841520045568,0.000798794883221432,0.0020495861210563238,6.613133474187016e-05,0.5470112003440019,0.007956891432719937,0.05840070832248845,0.002348381212511575,0.07600104684647913,0.04625621352265352,0.08850098586081112,0.0003479577917803178
3801062,0.0,0.0,0.0,0.0,0.0,0.0,0.0,0.0,0.0,0.0,0.0,0.0,0.0,0.0,0.0
3801066,0.8882743082074146,0.00030219297252731536,0.00099135227775915,0.000589441679312741,0.0016229952429183125,0.004818901990972124,0.005584183133581444,4.411423265071601e-05,0.0015305623797254866,0.004062894556657648,0.0006779667187214455,0.0010410607568263064,3.437062645728073e-05,0.00045566805622399015,0.00024071755213661558
3801073,0.0,0.0,0.0,0.0,0.0,0.0,0.0,0.0,0.0,0.0,0.0,0.0,0.0,0.0,0.0
3801078,0.0,0.0,0.0,0.0,0.0,0.0,0.0,0.0,0.0,0.0,0.0,0.0,0.0,0.0,0.0
3801082,0.0,0.0,0.0,0.0,0.0,0.0,0.0,0.0,0.0,0.0,0.0,0.0,0.0,0.0,0.0
3801101,0.0,0.0,0.0,0.0,0.0,0.0,0.0,0.0,0.0,0.0,0.0,0.0,0.0,0.0,0.0
3801104,0.0,0.0,0.0,0.0,0.0,0.0,0.0,0.0,0.0,0.0,0.0,0.0,0.0,0.0,0.0
3801121,0.0,0.0,0.0,0.0,0.0,0.0,0.0,0.0,0.0,0.0,0.0,0.0,0.0,0.0,0.0
3801132,0.0,0.0,0.0,0.0,0.0,0.0,0.0,0.0,0.0,0.0,0.0,0.0,0.0,0.0,0.0
3801147,0.0,0.0,0.0,0.0,0.0,0.0,0.0,0.0,0.0,0.0,0.0,0.0,0.0,0.0,0.0
3801481,0.6472708968798958,1.3826754855728039e-05,0.0008824383961509863,0.0007980599727818173,3.925438492657918e-05,0.0028937439673838443,0.007271312851892753,0.030804675884747668,0.00313135082449012,0.02225949228405344,7.3401053080068834e-06,0.02078806790462384,0.0041590579120021065,0.12003461195555708,0.003045704006850891
3801661,0.09795382789569906,0.0010644199443492486,0.00021403839039391134,0.0011052227460425224,0.00012396102808687193,0.0022969319386785263,0.00024192498407182852,0.24905188212789944,0.0002069932519999096,0.060133632767038085,1.551837683111401e-05,0.0459525799802859,0.02281644733072552,0.44158740420585707,0.0009680050939339102
3801790,0.0,0.0,0.0,0.0,0.0,0.0,0.0,0.0,0.0,0.0,0.0,0.0,0.0,0.0,0.0
3803713,0.0,0.0,0.0,0.0,0.0,0.0,0.0,0.0,0.0,0.0,0.0,0.0,0.0,0.0,0.0
3900532,0.0,0.0,0.0,0.0,0.0,0.0,0.0,0.0,0.0,0.0,0.0,0.0,0.0,0.0,0.0
3900537,0.0,0.0,0.0,0.0,0.0,0.0,0.0,0.0,0.0,0.0,0.0,0.0,0.0,0.0,0.0
3900539,0.0,0.0,0.0,0.0,0.0,0.0,0.0,0.0,0.0,0.0,0.0,0.0,0.0,0.0,0.0
3900540,0.209742534623206,0.00039834440391983694,0.0002397897053784126,0.0011848949629672536,6.397358784937524e-07,0.0025234993023907078,0.000721482680678176,0.10369411232158332,0.0032581031191373233,0.0792778099339797,0.0008465407432475258,0.03305568694870786,0.013908812898413836,0.4704470292795705,0.0012784596762462908
3900547,0.0,0.0,0.0,0.0,0.0,0.0,0.0,0.0,0.0,0.0,0.0,0.0,0.0,0.0,0.0
3900548,0.0,0.0,0.0,0.0,0.0,0.0,0.0,0.0,0.0,0.0,0.0,0.0,0.0,0.0,0.0
3900562,0.055656188869044665,0.0010274527406982648,8.386874298360603e-05,0.0008586156553790357,0.000584422895909098,0.0017948230332992532,1.8395529654768872e-05,0.4456534268476743,0.001361943745683214,0.09743097470858007,0.000989053302326015,0.0873341731992896,0.04588508138784697,0.1739490490510347,0.00011852975754966799
3900574,0.0,0.0,0.0,0.0,0.0,0.0,0.0,0.0,0.0,0.0,0.0,0.0,0.0,0.0,0.0
3900585,0.0,0.0,0.0,0.0,0.0,0.0,0.0,0.0,0.0,0.0,0.0,0.0,0.0,0.0,0.0
3900590,0.10561676494572436,0.0015835630235913054,7.818474869092373e-05,0.000900848416832134,0.000518347821192422,0.002557729359282113,8.391679497687932e-05,0.4383089718544304,0.002600773224228137,0.06512467054766069,0.0012634619309978,0.07946276362918625,0.03774492390749773,0.1502942426427396,0.0001686677767764877
3900610,0.02097030213594664,0.0011858842995089436,4.975550833608011e-05,0.0009592289476229033,0.0006733202992869057,0.0009589854827563027,0.0003777338143308162,0.5344397265958669,0.012284206504118432,0.057791913589892885,0.0024617590024469393,0.08212711254100624,0.04544399291003787,0.11696790772260512,7.636712443415128e-06
3900612,0.0,0.0,0.0,0.0,0.0,0.0,0.0,0.0,0.0,0.0,0.0,0.0,0.0,0.0,0.0
3900635,0.08984229202913596,0.0011846126431578339,0.00017523225202120685,0.0014017441382226936,0.0003280912280683168,0.0012461839964854615,2.815582354598334e-06,0.45068753898437003,0.028656625798412882,0.011064447247268738,0.0015330331642798847,0.039281173750928766,0.02462117908677619,0.09802300815571408,0.009653355143600328
3900638,0.0,0.0,0.0,0.0,0.0,0.0,0.0,0.0,0.0,0.0,0.0,0.0,0.0,0.0,0.0
3900645,0.0,0.0,0.0,0.0,0.0,0.0,0.0,0.0,0.0,0.0,0.0,0.0,0.0,0.0,0.0
3900672,0.22093495473233948,0.000119870876875372,2.5180363470989064e-06,0.000625036540515489,0.0003796718459181392,0.0006858162138525525,0.0008409970434731795,0.2719820090477555,4.792187777002965e-05,0.22332294404476505,0.001115786419952025,0.11738039898113085,0.06774734140220529,0.002731113888876369,1.5840137090883388e-08
3900687,0.0,0.0,0.0,0.0,0.0,0.0,0.0,0.0,0.0,0.0,0.0,0.0,0.0,0.0,0.0
3900701,0.0,0.0,0.0,0.0,0.0,0.0,0.0,0.0,0.0,0.0,0.0,0.0,0.0,0.0,0.0
3900825,0.0,0.0,0.0,0.0,0.0,0.0,0.0,0.0,0.0,0.0,0.0,0.0,0.0,0.0,0.0
3900990,0.0,0.0,0.0,0.0,0.0,0.0,0.0,0.0,0.0,0.0,0.0,0.0,0.0,0.0,0.0
4500514,0.4736318503805975,6.275384043530341e-05,0.0009706402469172869,0.0007849532835829676,0.00046253856163858137,0.0018626838925439593,0.0070583540041007095,0.03874542600186226,0.004526494718555707,0.0921174739633921,0.0008546158440710937,0.036849768864495765,0.009593593288802826,0.12762861584638407,0.0005425841560998679
4500572,0.34734570119594665,0.0007733555443173445,0.0006878293800802737,0.0007152250056317032,1.6203486630672614e-05,0.0011300574993169388,0.003013318721502456,0.08261429460032588,0.0022980270592071195,0.2593652356618472,9.813056986140988e-05,0.07505895442749011,0.04028380180995783,0.040339095710554496,1.3124271940112566e-05
4500584,0.4304215048721135,0.00010252880050354296,0.00017392583639985748,0.0005936182302177517,0.00021667589524954067,0.0013998589709500742,0.003242421444207389,0.10638002067642548,0.0021087860859458907,0.1980344333103402,0.00017628923835621982,0.08141850258889882,0.03901759114204029,0.02529124624890866,0.0002382231860653672
4500616,0.4712722158665476,9.719073531067046e-05,0.0001658995077892245,0.0006939805570678192,0.0002169636136791775,0.0028439158109109237,0.002317181560133164,0.1468335463688466,0.0012364140986546035,0.15462579169946367,0.0008229691221000035,0.07513258347520435,0.03974484991867855,0.02780625588595731,9.725705212393354e-05
4500635,0.1571330727895014,0.0012590199751481013,0.0002694213924373523,0.0016588090226372645,4.870147536184533e-05,0.0006179797677382526,0.0016518407087793285,0.08319358579039338,0.00316256746724386,0.2709789612093938,0.0016819060863006994,0.06296832438414401,0.03456460983654919,0.19990988168468984,0.0003912565644854649
4500638,0.0,0.0,0.0,0.0,0.0,0.0,0.0,0.0,0.0,0.0,0.0,0.0,0.0,0.0,0.0
4500648,0.890788513699875,0.00039151282539717785,0.0013879526242956965,0.0003535359048324471,0.0012242682201430988,0.004786374001254479,0.00559251074470679,0.005540446034993707,0.0013573993499453876,4.6301666200010416e-05,0.00016463835969116047,0.003821488023001529,0.000398656516787832,0.007696901458030814,0.0007179840855262576
4500668,0.0,0.0,0.0,0.0,0.0,0.0,0.0,0.0,0.0,0.0,0.0,0.0,0.0,0.0,0.0
4500675,0.2785255460977637,0.00015351207763325547,0.00025766477468214255,0.0003977734583053838,0.0001658592135626025,0.0025973920028085073,0.000799351017800376,0.2380702375554825,0.00034315066410928186,0.12130583592623755,0.0003913676844968794,0.0672516665199896,0.04119896331078221,0.16802352730289916,6.105270857059697e-05
4500685,0.7821473921533578,7.899047177295504e-05,0.00023869957131417152,0.00019719629740466704,5.891648886646728e-06,0.004535008209594849,0.004365790046907847,0.06425023888221615,0.0008641038500349918,0.029786742174365943,0.0004880628444514645,0.03288901743662709,0.011169986391081466,0.01671771982610004,4.432120702868581e-05
4500704,0.3425802843268698,0.00019452326337465745,0.0003185242751579942,0.00045960170383896326,0.00028548415846385566,0.0035138340353166875,0.0017052082320332394,0.17078198986975598,0.0019216760051002926,0.07517081525703162,9.513177562459063e-05,0.054144769514643976,0.019854914488744213,0.2466593790320849,0.00011324910985543998
4500705,0.8066525643592998,0.00012972463159532932,0.00012760911814246878,0.0002882913646434781,6.060814308883611e-05,0.002841865050231873,0.006710983788472569,0.013184531298925271,0.002632718495307329,0.005543811608218374,0.0003962301664619528,0.0147913278057068,0.002378831293529005,0.011624429207145905,0.0011047177644856188
4500725,0.7111866650395207,1.337922852184814e-05,0.0010625071610863568,0.00012101243605722178,2.551263829408956e-05,0.005711742555073229,0.005033057493091908,0.0890076705155407,0.0008966040069802171,0.022086505567725845,0.0002784341673065516,0.02821542914478936,0.005614178683283955,0.06559510517216782,3.7095399741060575e-05
4500743,0.0,0.0,0.0,0.0,0.0,0.0,0.0,0.0,0.0,0.0,0.0,0.0,0.0,0.0,0.0
4500749,0.8208924587917518,8.110656358306656e-05,0.0002994595916933074,0.00023739495786212486,3.211582011330982e-05,0.005113478073689892,0.0052394923650025405,0.01994645895593239,0.00204011637705237,0.003612349204572651,2.72355590325013e-05,0.014189088432387531,0.002050198718776985,0.04217616461436713,1.0697686951055553e-05
4500788,0.8509287614527531,3.4490536726661247e-07,0.0013285642774232276,1.4631098185780012e-05,5.129938744397045e-05,0.006279919323245564,0.006308907458014046,0.022429023710184626,0.0007787517536422818,0.00299286494159734,0.00019227189904180708,0.0091726699951018,0.0011323751652270175,0.02249630236976297,5.647672752773225e-05
4500790,0.6892282993409107,4.75828258705846e-06,0.0011514969635743055,7.246903872071274e-05,1.5315209456967516e-05,0.0032105131204503983,0.004766196260619693,0.06403803126888563,0.0015672797184946852,0.03894214692974418,0.0001714664382457265,0.03445257911649624,0.011206713800527957,0.06829079732678245,0.002280577717351129
4500793,0.2259780584041248,0.0005015045123309969,0.0011458724939050755,0.0008952306264404797,2.6606915533022853e-05,0.0021622452886644887,0.0017566610845932695,0.06638345880272345,0.00376291919807259,0.1089127858441492,0.0014918087222764993,0.03187381158680413,0.013690821580728764,0.40053039262435103,0.0019139742451023125
4500810,0.0,0.0,0.0,0.0,0.0,0.0,0.0,0.0,0.0,0.0,0.0,0.0,0.0,0.0,0.0
4500818,0.773901415435905,8.085137507385376e-05,0.00016180878127203258,0.000276624829282035,2.585585214409658e-05,0.00402756995499598,0.0043554858271681604,0.06109306203637965,0.001106946159839306,0.03737815794261135,0.0006331629370702753,0.037042526692613764,0.01292734803340767,0.009086970034195008,4.803789966612016e-05
4500861,0.0,0.0,0.0,0.0,0.0,0.0,0.0,0.0,0.0,0.0,0.0,0.0,0.0,0.0,0.0
4500969,0.0,0.0,0.0,0.0,0.0,0.0,0.0,0.0,0.0,0.0,0.0,0.0,0.0,0.0,0.0
5000517,0.0,0.0,0.0,0.0,0.0,0.0,0.0,0.0,0.0,0.0,0.0,0.0,0.0,0.0,0.0
5000526,0.0,0.0,0.0,0.0,0.0,0.0,0.0,0.0,0.0,0.0,0.0,0.0,0.0,0.0,0.0
5000539,0.0,0.0,0.0,0.0,0.0,0.0,0.0,0.0,0.0,0.0,0.0,0.0,0.0,0.0,0.0
5000574,0.0,0.0,0.0,0.0,0.0,0.0,0.0,0.0,0.0,0.0,0.0,0.0,0.0,0.0,0.0
5000576,0.1962894897089421,0.0004923711050828229,0.0004624177037214627,0.0009285827053090443,0.001348019732658079,0.0023416178912148977,0.0010078143172226328,0.14852530110669449,0.0018810758088649848,0.11296668244903185,0.00012640249344608723,0.051079271878145434,0.025915287733483616,0.3653595987773165,2.073023093185356e-06
5000582,0.0,0.0,0.0,0.0,0.0,0.0,0.0,0.0,0.0,0.0,0.0,0.0,0.0,0.0,0.0
5000585,0.0,0.0,0.0,0.0,0.0,0.0,0.0,0.0,0.0,0.0,0.0,0.0,0.0,0.0,0.0
5000593,0.13398505796031146,0.00025093011383003905,0.0007604792429266594,0.001237831301215797,0.00023476546808265386,0.000445865640723686,0.0012853885776059615,0.020229962156132156,0.004598003548794916,0.10571904305120937,0.005253778530829535,0.018405952001500855,0.009257843081683979,0.40191415265567787,6.1967769520165925e-06
5000598,0.0,0.0,0.0,0.0,0.0,0.0,0.0,0.0,0.0,0.0,0.0,0.0,0.0,0.0,0.0
5000601,0.0542816054476396,6.934629630528377e-07,0.00014247387579680026,0.0005092038303705637,0.00015253526873637568,3.208468659343655e-05,4.612703113915373e-07,0.014317350582198853,0.0040049683702158,0.03814339796555921,0.005314720356151326,0.006483600085021468,0.0029579112242942296,0.5389501187469916,0.000981986177695959
5000606,0.0,0.0,0.0,0.0,0.0,0.0,0.0,0.0,0.0,0.0,0.0,0.0,0.0,0.0,0.0
5000612,0.0,0.0,0.0,0.0,0.0,0.0,0.0,0.0,0.0,0.0,0.0,0.0,0.0,0.0,0.0
5000613,0.0,0.0,0.0,0.0,0.0,0.0,0.0,0.0,0.0,0.0,0.0,0.0,0.0,0.0,0.0
5000617,0.05492266605045304,3.9773354365557614e-06,0.0002371752513119496,0.000309252338823951,0.00010825050666996015,6.267903188139634e-06,8.148496036430863e-05,0.010849584239841614,0.003257114308006348,0.02427805213073242,0.005119457081715129,0.0037912257323260415,0.001265721759784899,0.5463202793076013,4.1887657135641916e-05
5000627,0.0,0.0,0.0,0.0,0.0,0.0,0.0,0.0,0.0,0.0,0.0,0.0,0.0,0.0,0.0
5000628,0.2220841563650967,0.0001618200827043781,0.0009740382204019847,0.0007358182817580605,0.0004193551898881154,0.0007592949419843452,0.001938713055219754,0.02158744770684784,0.004952587245336759,0.08317415420445085,0.0024202286389677363,0.01957059388862259,0.0075504579810762315,0.3602753958077096,2.0839591547527906e-05
5000632,0.0,0.0,0.0,0.0,0.0,0.0,0.0,0.0,0.0,0.0,0.0,0.0,0.0,0.0,0.0
5000654,0.0,0.0,0.0,0.0,0.0,0.0,0.0,0.0,0.0,0.0,0.0,0.0,0.0,0.0,0.0
5000656,0.0,0.0,0.0,0.0,0.0,0.0,0.0,0.0,0.0,0.0,0.0,0.0,0.0,0.0,0.0
5000731,0.0,0.0,0.0,0.0,0.0,0.0,0.0,0.0,0.0,0.0,0.0,0.0,0.0,0.0,0.0
5000744,0.9079241587292859,0.00022876307938601845,0.0004214611308712701,3.6500833143438e-05,0.0010443018777205326,0.0044109625118814435,0.006571912426851068,0.0025625140403838786,0.002120089362425359,0.00014891516962645124,7.107560394348233e-06,0.004653992060004829,0.00017493046922456568,0.01955609654273649,0.00013411796493401074
5100546,0.0,0.0,0.0,0.0,0.0,0.0,0.0,0.0,0.0,0.0,0.0,0.0,0.0,0.0,0.0
5100585,0.0,0.0,0.0,0.0,0.0,0.0,0.0,0.0,0.0,0.0,0.0,0.0,0.0,0.0,0.0
5100594,0.0,0.0,0.0,0.0,0.0,0.0,0.0,0.0,0.0,0.0,0.0,0.0,0.0,0.0,0.0
5100629,0.0,0.0,0.0,0.0,0.0,0.0,0.0,0.0,0.0,0.0,0.0,0.0,0.0,0.0,0.0
5100660,0.8868647457148686,0.0006763178205905218,2.004199417449115e-05,4.577113809611788e-05,0.0011017083332167663,0.005317334297734066,0.0060040843861682855,1.776455631063989e-05,0.0028422823863474282,0.002849910876739914,0.0003739727200877674,0.0018355468595797622,1.473956051001313e-05,0.0002442321704950734,0.0008729380578044178
5100686,0.0,0.0,0.0,0.0,0.0,0.0,0.0,0.0,0.0,0.0,0.0,0.0,0.0,0.0,0.0
5100699,0.0,0.0,0.0,0.0,0.0,0.0,0.0,0.0,0.0,0.0,0.0,0.0,0.0,0.0,0.0
5100700,0.0,0.0,0.0,0.0,0.0,0.0,0.0,0.0,0.0,0.0,0.0,0.0,0.0,0.0,0.0
5100763,0.0,0.0,0.0,0.0,0.0,0.0,0.0,0.0,0.0,0.0,0.0,0.0,0.0,0.0,0.0
5100788,0.0,0.0,0.0,0.0,0.0,0.0,0.0,0.0,0.0,0.0,0.0,0.0,0.0,0.0,0.0
5100810,0.0,0.0,0.0,0.0,0.0,0.0,0.0,0.0,0.0,0.0,0.0,0.0,0.0,0.0,0.0
5100826,0.0,0.0,0.0,0.0,0.0,0.0,0.0,0.0,0.0,0.0,0.0,0.0,0.0,0.0,0.0
5100829,0.9130711753412312,0.0004932758746691857,0.0009221082549697446,0.0004823228124144485,0.001223574552075668,0.004709090535806926,0.0061431631057439215,8.090686779060885e-05,0.0016255296066678413,0.00299432322877502,0.0005107742633585488,0.0011452635315551962,3.90098205804712e-06,0.00019543585509784744,0.000544581413651879
5100831,0.0,0.0,0.0,0.0,0.0,0.0,0.0,0.0,0.0,0.0,0.0,0.0,0.0,0.0,0.0
5100848,0.0,0.0,0.0,0.0,0.0,0.0,0.0,0.0,0.0,0.0,0.0,0.0,0.0,0.0,0.0
5100858,0.0,0.0,0.0,0.0,0.0,0.0,0.0,0.0,0.0,0.0,0.0,0.0,0.0,0.0,0.0
5100876,0.22636273287602904,0.0005003465008963649,0.012640164831344223,0.00025941207581481335,5.264814415884001e-05,0.0769312853302182,0.03811893776407993,0.1114111892973234,0.002543941393253202,0.06822462603876955,1.1634529591963982e-06,0.038472552768396784,0.016126247382342696,0.20876792416512333,2.6868018574433e-06
5100883,0.0,0.0,0.0,0.0,0.0,0.0,0.0,0.0,0.0,0.0,0.0,0.0,0.0,0.0,0.0
5100893,0.0,0.0,0.0,0.0,0.0,0.0,0.0,0.0,0.0,0.0,0.0,0.0,0.0,0.0,0.0
5100924,0.003382040085625371,0.0014309361043629565,4.004273598390285e-05,0.0016636674332551893,0.0004237934147296452,0.000719578509270513,3.3298020200134275e-05,0.1128496113743822,0.002897404155708494,0.2320910660741005,0.001215963329530556,0.054224514012971466,0.03311498458558426,0.4489022530292729,0.002040297713397421
5100934,0.0,0.0,0.0,0.0,0.0,0.0,0.0,0.0,0.0,0.0,0.0,0.0,0.0,0.0,0.0
5100939,0.0,0.0,0.0,0.0,0.0,0.0,0.0,0.0,0.0,0.0,0.0,0.0,0.0,0.0,0.0
5100941,0.0,0.0,0.0,0.0,0.0,0.0,0.0,0.0,0.0,0.0,0.0,0.0,0.0,0.0,0.0
5100948,0.8135298718504078,8.664239300792964e-06,0.0013970975385553253,5.038338578977619e-05,0.00014617211774436978,0.004371641937594872,0.006251017801958581,0.03168315866886462,0.0013850457789328365,0.016014002739671133,2.9097252048138067e-05,0.01798155054963779,0.003690208923482707,0.06359801890035477,8.631142092074828e-05
5101148,0.0,0.0,0.0,0.0,0.0,0.0,0.0,0.0,0.0,0.0,0.0,0.0,0.0,0.0,0.0
5101149,0.0,0.0,0.0,0.0,0.0,0.0,0.0,0.0,0.0,0.0,0.0,0.0,0.0,0.0,0.0
5103709,0.0,0.0,0.0,0.0,0.0,0.0,0.0,0.0,0.0,0.0,0.0,0.0,0.0,0.0,0.0
5104055,0.0,0.0,0.0,0.0,0.0,0.0,0.0,0.0,0.0,0.0,0.0,0.0,0.0,0.0,0.0
5104634,0.0005800267144541182,0.003018167785919124,0.8398456197476724,1.3803877321638682e-05,0.00010868127393248715,0.000367898916300069,0.024888879322855214,0.007986560814071453,2.8471372404137436e-06,0.02195000907774447,5.034918278112866e-05,0.0023537307772818483,0.007901221660727042,0.008680371226892912,0.0005246102174973899
5104655,0.00010882882912000014,0.003931648054290028,0.6829108746483445,0.00012954712118129486,0.0011234144089196096,0.00022523161758480903,0.00024988993080254934,0.01263690955537422,0.0015969139146664313,0.02013586616993346,1.36676955456716e-05,0.0010001378220677593,0.009802324836945651,0.07978250120897146,0.0006010826780605827
5200559,0.12877537031573938,5.616592209700678e-05,4.969076193472866e-05,0.0005648477868335222,7.390852320998675e-05,0.0015061028683890365,1.9088933359223678e-05,0.41218114954208906,0.003894038648876497,0.0558339241011957,0.0004488599433137841,0.06469327140067371,0.0457244562088831,0.16774195065382613,0.00023433686475626825
5200572,0.11793245391628325,5.303720394200795e-06,1.3777556016725256e-05,0.0005770983812509732,8.387317416969076e-05,0.001291662303868124,4.3567614236850176e-05,0.37418037158216266,0.004866394842129584,0.05679169919185921,0.0002126366513285349,0.051398745074403666,0.04773861490086628,0.17287436730443773,0.0012799449687699305
5200658,0.5038213159022842,7.967017706778101e-06,0.00023858536163101632,0.0003799101265218319,4.553440189347669e-07,0.003830990044590754,0.0019160215724505212,0.17050309429051458,0.00016490941647273605,0.04410723727008825,0.0003188779021580101,0.040839017436617664,0.020146184139393952,0.14319336641040448,0.0017636216756939938
5300621,0.8042104060045366,0.0003452783068874643,3.3503572408166704e-05,0.00045205999172170935,3.603313434286104e-05,0.0031821624374352986,0.0059918016353113215,0.00818835110641869,0.002926039407798564,0.0008988103866872654,1.841500246801964e-05,0.010034119712230559,0.00034826377540231324,0.03048480063656633,0.0008313422619309341
5300632,0.1199679329014175,0.0010132144334653592,0.00011734966320908755,0.0012834861664465789,4.443665813513853e-05,0.0033685163228974746,6.430435047222183e-06,0.2360259567991856,0.0001568847691281183,0.07094226403322268,0.00030232174015720764,0.04443568570827028,0.01960747793625728,0.43688295971432256,0.0013545653350058864
5300657,0.3225482113862433,2.6483598303261857e-06,4.7154031156737546e-05,0.0005411932048586808,1.578775019661638e-05,0.0019332717002742414,0.001756387715368346,0.3509229880257486,0.0015244338239016608,0.08285324460705967,0.0019956254974393683,0.07436709251524942,0.050164391959685584,0.021808209438425874,0.0001826076799260612
5300678,0.0,0.0,0.0,0.0,0.0,0.0,0.0,0.0,0.0,0.0,0.0,0.0,0.0,0.0,0.0
5300780,0.0,0.0,0.0,0.0,0.0,0.0,0.0,0.0,0.0,0.0,0.0,0.0,0.0,0.0,0.0
5300783,0.7894410648945184,2.904587536367576e-05,0.0014419362033170071,0.00018616460916065503,3.336127865072313e-05,0.005545787753061693,0.005380366299896243,0.04890510051478525,0.00022235285553262599,0.0068264034631208,0.00024609752118076594,0.012403229136584426,0.0019459760036847351,0.05814540989843375,0.0005641559827700425
5300800,0.0,0.0,0.0,0.0,0.0,0.0,0.0,0.0,0.0,0.0,0.0,0.0,0.0,0.0,0.0
5300883,0.0,0.0,0.0,0.0,0.0,0.0,0.0,0.0,0.0,0.0,0.0,0.0,0.0,0.0,0.0
5301082,0.9117886163528984,2.0171007135139085e-05,0.002001997668837907,8.105536884217557e-05,6.431293660735804e-05,0.004757653797275553,0.00792553844860544,0.0162570672074418,0.001018048080319467,0.001226546831762709,9.74215926187183e-05,0.006687241678928979,0.00022936941211948447,0.025233307870463517,3.051926728603327e-05
7000521,0.040876042696214136,0.0007804749729234395,0.00010065697874872548,0.0008441908314169577,0.00012841490153825408,0.0012274963526823779,8.302381004909876e-09,0.1698190325292408,0.0016261330983163846,0.12993141946077624,0.0008613213750133798,0.05179983292468526,0.02705007152969585,0.4796801971294984,0.0010614495663340273
7000530,0.3363945161082997,2.973857398913537e-05,0.00048029911024183303,0.0005548530670518304,1.7463116986027316e-05,0.0028432893493716143,0.0019051999340123913,0.09194606500871184,0.003635768461055733,0.07757969181487923,0.0004184821789626758,0.03759412135425988,0.01521874661806499,0.3278740364220144,0.005627798403758599
7000550,0.2275482389456043,0.0001944500421866557,0.0003207300687679826,0.000956815089202756,2.2152816357978718e-06,0.0013542514200525213,0.0012540498166505598,0.07635778389971615,0.005184204671263236,0.14635144667408384,0.0014320090410899766,0.048346645901538136,0.020594495053894324,0.3253520750487445,0.0016705801312014712
7000571,0.32770723917664824,0.0001361559755929109,0.00025840306294666604,0.0008418931460721922,4.5206556477217497e-05,0.000893679015177118,0.00285959038992234,0.048000400207158345,0.005557395731472736,0.14875124828734798,0.001457210331116454,0.04846097667598937,0.017365172753104008,0.21287792933583027,3.1439376831476906e-05
7000580,0.3767549456022131,6.358544639339936e-05,0.00023278215612421158,0.0009954930970709206,1.8226636555596087e-07,0.001995885365291605,0.002440221320187397,0.08643224662455484,0.004116603271272168,0.12441703477344135,0.00012649265839648202,0.05327505663573662,0.02156908624752807,0.19710168319291896,0.0009509617618207457
7000584,0.0,0.0,0.0,0.0,0.0,0.0,0.0,0.0,0.0,0.0,0.0,0.0,0.0,0.0,0.0
7000596,0.4393956598632367,3.899976579568865e-06,0.0005958815716186061,0.000379198509802392,2.7391563665934978e-05,0.0028371588471781672,0.0025958533827666885,0.07728828580466496,0.003181186560376692,0.060278644067355724,0.000295218110935691,0.034509446418596657,0.011018737012281954,0.2780945921158784,0.0022873519878884307
7200514,0.3197084829391832,0.00034237109958601414,0.00021029471435463082,0.0009188952669674232,0.0003699891120321208,0.0016628586588860461,0.012748825823038379,0.12189698634227975,0.0039180411409965865,0.18830290348863776,6.034201493154701e-05,0.08286458698635213,0.03256670140006468,0.10749553926514732,0.0006744269222286325
7200533,0.3978113252502181,0.00012241869944207284,0.00019227679329925082,0.0006840884462289143,0.0006194945824342657,0.0015790619905390324,0.0015140005887934738,0.1285109710657787,0.0013981519550239074,0.18397890453934485,0.00022966113776778932,0.08228478441056053,0.04386692915339852,0.019644661095015947,0.0015525427558722438
7200557,0.4502438494902957,7.931143045492027e-05,0.0003613081101320192,0.0005983151611658187,0.00015539308148282416,0.002254542391908587,0.0066247569720853106,0.09943922966116203,0.004040482989289718,0.10774621567213184,7.75851077801093e-05,0.061860730937230775,0.018859347153230788,0.13210027462798934,2.446815851087081e-05
7200558,0.0039873683064989285,0.00218829748144167,0.0012146386484809255,0.00379531890727336,0.0019916845410893336,9.202857483003868e-05,0.010533250517202442,0.22118702058441744,2.0341406520296698e-05,0.1756857393431548,3.609596376630275e-05,0.07669875967329297,0.03585391615562994,0.12687904027793084,0.001991666635943523
7200574,0.4049547274281217,0.00014252181273100017,0.00015831945250988078,0.0008037572699445272,0.0004043092212963062,0.0012990588492870492,0.0017261984728815793,0.09000334894289752,0.0020931827813226445,0.19036452054209246,2.882061330899965e-05,0.07045771920581301,0.041777056806372,0.025237215426464957,0.0005636759789710012
7200580,0.35434990196497884,0.0004440196313573175,0.00041319511171911133,0.0005951434402156064,0.00017117286391465922,0.0013173701795626824,0.0030188748794871545,0.11660612551797568,0.001412298169698789,0.23809260542877064,0.00019182134593065392,0.08915271512238276,0.04950165911974192,0.015591572037428225,0.00018995001212818163
7200607,0.0,0.0,0.0,0.0,0.0,0.0,0.0,0.0,0.0,0.0,0.0,0.0,0.0,0.0,0.0
7200616,0.0,0.0,0.0,0.0,0.0,0.0,0.0,0.0,0.0,0.0,0.0,0.0,0.0,0.0,0.0
7200628,0.0,0.0,0.0,0.0,0.0,0.0,0.0,0.0,0.0,0.0,0.0,0.0,0.0,0.0,0.0
7200643,0.27618272319937603,0.00015017297690611553,5.875012529654722e-05,0.000602113857215425,0.0014310838012513427,0.002120111013565462,0.003792268368901674,0.17134608239780413,0.0008979352011080356,0.2274839579775263,0.0005967841388768713,0.09324885319871334,0.0605013087442049,0.02447937877129569,0.000368457245667142
7200645,0.9335108815724572,0.00034079642787332437,0.0023897816559754763,4.340195311580697e-05,0.0005662015219708437,0.0016194441844350482,0.008178054695445636,0.004250057127831552,0.00018070722333929368,0.0013484695594858653,0.0007959500777694473,0.0017433848276937616,1.4798121540482434e-05,0.00010977299818482056,0.0007348066783048335
7200649,0.0,0.0,0.0,0.0,0.0,0.0,0.0,0.0,0.0,0.0,0.0,0.0,0.0,0.0,0.0
7200652,0.0,0.0,0.0,0.0,0.0,0.0,0.0,0.0,0.0,0.0,0.0,0.0,0.0,0.0,0.0
7200703,0.714327624607713,2.945663820219657e-05,0.00014431546078375046,0.00018003915041131524,1.6610566062613683e-06,0.0025134272318380053,0.0009467926519700632,0.07409234335779591,0.0016854973386578598,0.0635623099453968,0.0006405823629848094,0.04544860941526696,0.018418828105453144,0.013035347335932923,0.0019824274973371248
7200721,0.5092889345055374,2.342626866025377e-05,0.0005351517484937228,0.00036108510817967066,0.00010983113883922259,0.002603033416113787,0.004912142200866443,0.09609384845580836,0.0031907014427110525,0.09394339327773228,2.078062534860425e-05,0.059430449232306885,0.017960165557451613,0.10243254117334644,0.0015941214790055056
7200729,0.0,0.0,0.0,0.0,0.0,0.0,0.0,0.0,0.0,0.0,0.0,0.0,0.0,0.0,0.0
7200731,0.3458951322595132,0.00022569351497236934,0.00036694606656983997,0.0007224925597932862,0.00036393518131594416,0.001871579541771196,0.00853093069737254,0.1193825314531497,0.00394652501003312,0.16168792766502593,3.4972164668301e-05,0.07569757960130796,0.031423963017786494,0.1221125410493452,0.00020872426286089318
7200744,0.0,0.0,0.0,0.0,0.0,0.0,0.0,0.0,0.0,0.0,0.0,0.0,0.0,0.0,0.0
7200784,0.19252745465385532,0.0008138248623320576,0.0015002546812568074,0.0004212472844851156,4.077098453603156e-05,0.0009339105346959363,0.0007167234014382463,0.19918439378244132,0.0008523778073632472,0.12146001527020556,7.400979786265083e-05,0.060718937506793476,0.027973749877101217,0.1602037222916146,0.0005024506836154297
7200799,0.0828570832957799,0.0014089517304637367,2.438260727455344e-05,0.0013522800618251953,0.001106616155164164,0.0007351544250274732,0.0034179513341238144,0.21728686708918546,0.00048605555650949034,0.3333639419584299,0.0003002206527824569,0.11318873068755253,0.07193589824291513,0.043649637185479095,0.0005381191506185212
7200813,0.0,0.0,0.0,0.0,0.0,0.0,0.0,0.0,0.0,0.0,0.0,0.0,0.0,0.0,0.0
7200818,0.32421657718684704,0.00026773373680089035,0.00029323189530228166,0.0005012201510433688,0.0006673067315484671,0.002882272189051016,0.010553906366466248,0.1913109491278654,0.0012091230890318714,0.1138970490661465,0.00011474597305383137,0.07603046135772384,0.028698353174633318,0.14593247754398453,0.00015021877094656408
7200821,0.44938881111546425,1.907040288118278e-05,0.00043630288442930715,0.0005926687819611809,5.101087092351797e-05,0.002106932757467095,0.004581946790457092,0.0931984877701062,0.0032675531895789427,0.10555461450003922,4.321113195271398e-05,0.05432940817134802,0.02399354238018181,0.10037262811489288,0.0006754711965096805
7200823,0.23955181819530116,0.0007116860645942634,0.00010005974745974644,0.0007985806543446827,0.0008659293664169397,0.0014971018884342158,0.011287872290873248,0.15621118257958422,0.002255201418405295,0.2526379157347015,0.00014219479602350926,0.10009307872139593,0.05281593821383157,0.040602154740977385,0.005083631187243197
7200831,0.048958500190491534,0.000582809892899494,0.00024026252037223641,0.0010786469726041805,0.0006334979911846172,0.0010297067331757062,0.004127791654406797,0.2529226091519297,0.0004717564029651512,0.15024099992632425,0.0005249848463790839,0.06558979399880549,0.034759176650422274,0.3398527716994528,0.0010581591080749408
7200870,0.42569447533494775,8.375773108060258e-05,0.00035754677692334536,0.0007197482766793106,0.000294847960796818,0.002002204382219652,0.0013824134916250452,0.11085042801917733,0.002242083168171205,0.1690646000367395,0.0001634475617489084,0.07471250884948166,0.03885989880283214,0.038084849528229665,0.0003991248198390585
7200911,0.0,0.0,0.0,0.0,0.0,0.0,0.0,0.0,0.0,0.0,0.0,0.0,0.0,0.0,0.0
7200933,0.6296549606967078,4.855005669557322e-05,0.0019781573877165615,0.00015980656742287105,2.0864122141417415e-05,0.0031041210425570838,0.0003428313518640813,0.0851732244034803,0.002136474009215128,0.059095244818583186,0.00041075479348484656,0.04835280199896752,0.01489606995226489,0.032818075577980554,0.00019904483879118476
7200938,0.3525421791094133,0.00017250599936091682,0.00020497039251665683,0.000916425546913735,0.0005557337088268888,0.0017872572053491134,0.003132966203124532,0.11495010868449017,0.002019673935013011,0.2136338984619092,2.2542717620255278e-05,0.07890167494589262,0.04576125589407054,0.03443901732386012,8.142376336939261e-05
7201233,0.0,0.0,0.0,0.0,0.0,0.0,0.0,0.0,0.0,0.0,0.0,0.0,0.0,0.0,0.0
7201574,0.7606513435884363,0.00047129149227542733,0.0010591944132340991,3.2064047295055076e-05,0.00043388202320360236,0.0004573522737433277,0.0009156142157288328,0.02486809007306912,0.0009614143254854656,7.150136599520794e-05,0.0015563373884558418,0.01406230466138958,0.0009601381683793653,0.00020841322469955514,0.0062784856373905296
7202003,0.0,0.0,0.0,0.0,0.0,0.0,0.0,0.0,0.0,0.0,0.0,0.0,0.0,0.0,0.0
36_ADC017,0.0,0.0,0.0,0.0,0.0,0.0,0.0,0.0,0.0,0.0,0.0,0.0,0.0,0.0,0.0
36_ADC018,0.0,0.0,0.0,0.0,0.0,0.0,0.0,0.0,0.0,0.0,0.0,0.0,0.0,0.0,0.0
36_ADC019,0.0,0.0,0.0,0.0,0.0,0.0,0.0,0.0,0.0,0.0,0.0,0.0,0.0,0.0,0.0
3600649_D,0.011421671011057843,0.0005625457549861546,0.00012977395563207317,0.0013155983986617992,2.9476276720563632e-06,0.0013562900396730804,5.125862209132136e-07,0.062039301627002,0.002732738626894271,0.07095459480491663,0.00309662049735715,0.016499260748451202,0.009994176922848985,0.6991616139105499,1.1537570556052756e-05
3600662_D,0.0,0.0,0.0,0.0,0.0,0.0,0.0,0.0,0.0,0.0,0.0,0.0,0.0,0.0,0.0
3600776_D,0.0,0.0,0.0,0.0,0.0,0.0,0.0,0.0,0.0,0.0,0.0,0.0,0.0,0.0,0.0
3600868_D,0.04125065396467753,3.987466323596145e-05,9.081752765371931e-07,0.0005835530293171187,0.0007984010677276611,0.0004461764014019876,0.0001949712511571944,0.4616945409059746,0.004969808477699345,0.16268421974425873,0.004114331470271847,0.12182428934689105,0.08203515942937334,0.024886108375214544,3.7165455757159904e-05
37_ADC029,0.0,0.0,0.0,0.0,0.0,0.0,0.0,0.0,0.0,0.0,0.0,0.0,0.0,0.0,0.0
37_ADC030,0.0,0.0,0.0,0.0,0.0,0.0,0.0,0.0,0.0,0.0,0.0,0.0,0.0,0.0,0.0
37_ADC031,0.0,0.0,0.0,0.0,0.0,0.0,0.0,0.0,0.0,0.0,0.0,0.0,0.0,0.0,0.0
38_ADC033,0.0,0.0,0.0,0.0,0.0,0.0,0.0,0.0,0.0,0.0,0.0,0.0,0.0,0.0,0.0
38_ADC034,0.0,0.0,0.0,0.0,0.0,0.0,0.0,0.0,0.0,0.0,0.0,0.0,0.0,0.0,0.0
38_ADC035,0.0,0.0,0.0,0.0,0.0,0.0,0.0,0.0,0.0,0.0,0.0,0.0,0.0,0.0,0.0
38_ADC036,0.0,0.0,0.0,0.0,0.0,0.0,0.0,0.0,0.0,0.0,0.0,0.0,0.0,0.0,0.0
38_ADC037,0.0,0.0,0.0,0.0,0.0,0.0,0.0,0.0,0.0,0.0,0.0,0.0,0.0,0.0,0.0
38_ADC038,0.0,0.0,0.0,0.0,0.0,0.0,0.0,0.0,0.0,0.0,0.0,0.0,0.0,0.0,0.0
38_ADC039,0.0,0.0,0.0,0.0,0.0,0.0,0.0,0.0,0.0,0.0,0.0,0.0,0.0,0.0,0.0
38_ADC040,0.0,0.0,0.0,0.0,0.0,0.0,0.0,0.0,0.0,0.0,0.0,0.0,0.0,0.0,0.0
3800880_D,0.3978228804197713,7.059910494866539e-05,0.0006883437791382897,0.0006408522539858018,0.00019669321454651723,0.0019651175801370657,0.0038979151640557994,0.05342450106451457,0.00408865952401849,0.05201189880517865,0.00134608633078781,0.02551821040038693,0.005997952568098874,0.3180322197933638,0.0010882675931791486
3801096_D,0.0,0.0,0.0,0.0,0.0,0.0,0.0,0.0,0.0,0.0,0.0,0.0,0.0,0.0,0.0
3804625SU,0.0029597144861224227,0.0006917340934433637,0.5251900940953119,0.00034735885391978805,0.0011474004149112373,0.0003871360739959862,0.0004969892491103467,0.023706490521924417,0.002341559475341759,0.045563042035798314,0.0008993602442630699,0.002815905083705439,0.013120429984970984,0.18626294636304186,0.001778750438110044
39_ADC041,0.3895595332910997,1.6838188692802625e-05,9.278701190940096e-06,5.514636453440858e-05,9.46432998846225e-05,0.00229589051557777,0.002329718779717771,0.3373708240449801,0.0027687498214120643,0.05788265539636006,0.003487531955092105,0.07262096252173987,0.04876866092080845,0.0003731012078299623,0.0001884330285083502
39_ADC045,0.0,0.0,0.0,0.0,0.0,0.0,0.0,0.0,0.0,0.0,0.0,0.0,0.0,0.0,0.0
3900546_D,0.0014009130630682212,0.0012454906371597294,9.605328112116672e-06,0.0007836113637414988,0.00041200516619344096,0.0003485102275612162,0.0003422571515503403,0.3244774449323212,3.5042219217462645e-05,0.15908450417741749,1.4549365632610113e-05,0.08490725472315341,0.049014473759397714,0.2850657336272323,2.2583199029035942e-05
3900563_I,0.8478435637945526,0.0002180782438225837,0.0008809390021073947,2.720184378413037e-06,0.00047648984070836075,0.005829007495078087,0.00511187482779929,0.009525149621973485,0.001980573574810962,0.0007982464436986357,2.0993569701088788e-05,0.003880138944342581,4.4896295296137374e-05,0.08021691672471387,0.0006621145131437968
3903505_I,0.0,0.0,0.0,0.0,0.0,0.0,0.0,0.0,0.0,0.0,0.0,0.0,0.0,0.0,0.0
4200541_I,0.0,0.0,0.0,0.0,0.0,0.0,0.0,0.0,0.0,0.0,0.0,0.0,0.0,0.0,0.0
45_ADC042,0.0,0.0,0.0,0.0,0.0,0.0,0.0,0.0,0.0,0.0,0.0,0.0,0.0,0.0,0.0
45_ADC043,0.0,0.0,0.0,0.0,0.0,0.0,0.0,0.0,0.0,0.0,0.0,0.0,0.0,0.0,0.0
45_ADC044,0.0,0.0,0.0,0.0,0.0,0.0,0.0,0.0,0.0,0.0,0.0,0.0,0.0,0.0,0.0
45_ADC046,0.0,0.0,0.0,0.0,0.0,0.0,0.0,0.0,0.0,0.0,0.0,0.0,0.0,0.0,0.0
45_ADC047,0.0,0.0,0.0,0.0,0.0,0.0,0.0,0.0,0.0,0.0,0.0,0.0,0.0,0.0,0.0
45_ADC048,0.0,0.0,0.0,0.0,0.0,0.0,0.0,0.0,0.0,0.0,0.0,0.0,0.0,0.0,0.0
4500576_D,0.6613029464477589,2.946692653271743e-05,0.0006919328744077191,0.00029170461123129154,4.1342651902476206e-05,0.002861537295206884,0.005136339495237285,0.03900887195974312,0.0027204236793857413,0.02267612442042277,4.815703093963287e-06,0.02283472413221377,0.005170987532820637,0.12406259148928987,0.0043472359919450865
4500632_D,0.6055477023888695,6.850408287151222e-05,9.154909201780637e-05,0.0005847168712062034,0.00011005570510269624,0.0035196272535441553,0.0033600103187647608,0.10689476021309907,0.001556425670005024,0.08502638251029926,0.001159944350098141,0.054982887107969065,0.023844460593518413,0.03191668230550626,3.674257362606959e-05
4500693_D,0.0,0.0,0.0,0.0,0.0,0.0,0.0,0.0,0.0,0.0,0.0,0.0,0.0,0.0,0.0
50_ADC012,0.0,0.0,0.0,0.0,0.0,0.0,0.0,0.0,0.0,0.0,0.0,0.0,0.0,0.0,0.0
50_ADC013,0.7108638992123004,5.237901467358697e-05,8.475718859990433e-05,0.0004795322293911219,8.98939850924041e-06,0.004707284590999783,0.0038273084136797313,0.022120532385407787,0.003098311632387496,0.007695867632408816,0.00010608872922035496,0.013304894633624942,0.0021058767404469325,0.12999850497652432,5.312968389237227e-06
50_ADC014,0.3580390938582113,0.00010128385511265492,0.0006920231022002897,0.00039683008244817414,3.725948327759632e-06,0.002532877950652934,0.0015362582269367042,0.15396434526766667,0.0006762144518762669,0.06354682500330933,4.28268548444688e-05,0.04114839380837365,0.02041008298609737,0.27003025531855784,1.8166988577927867e-06
50_ADC015,0.8825318426515165,6.651802811352692e-05,0.0017077258429866182,3.2887536153491936e-05,0.00021033071596066044,0.005125899241056997,0.00610487337945409,0.013843191246354249,0.00013574593571785698,0.0006220961918392831,0.00034906218344132883,0.004673498315239999,0.0007905549500794028,0.007749867090999896,0.004775164428301726
50_ADC016,0.0,0.0,0.0,0.0,0.0,0.0,0.0,0.0,0.0,0.0,0.0,0.0,0.0,0.0,0.0
50_ADC020,0.923126549029882,0.0005295736719926891,0.0008803168079285494,0.00042372715263161437,0.0017189646655585422,0.005479811285371228,0.006404078765054666,0.00014620560547706773,0.0013002196700790947,0.0055986170895300225,0.0005444701277743659,0.0005040645753920937,2.670315949493407e-05,0.0004112988436016929,4.678367988009136e-06
5000653_D,0.0,0.0,0.0,0.0,0.0,0.0,0.0,0.0,0.0,0.0,0.0,0.0,0.0,0.0,0.0
5000734_D,0.0,0.0,0.0,0.0,0.0,0.0,0.0,0.0,0.0,0.0,0.0,0.0,0.0,0.0,0.0
51_ADC001,0.8279443423472314,0.00037281668929989303,0.009838445900857471,0.00021604364976057777,0.003019562720321223,0.006273830085490095,0.00016405380642736667,0.0025158959070111786,0.002369655579484098,0.00025250119335185056,5.0349382476944093e-05,0.0008948557013572778,0.0008365561662155853,0.0013130706040109794,2.3103347267516843e-06
51_ADC002,0.0,0.0,0.0,0.0,0.0,0.0,0.0,0.0,0.0,0.0,0.0,0.0,0.0,0.0,0.0
51_ADC003,0.0,0.0,0.0,0.0,0.0,0.0,0.0,0.0,0.0,0.0,0.0,0.0,0.0,0.0,0.0
51_ADC004,0.0,0.0,0.0,0.0,0.0,0.0,0.0,0.0,0.0,0.0,0.0,0.0,0.0,0.0,0.0
51_ADC005,0.0,0.0,0.0,0.0,0.0,0.0,0.0,0.0,0.0,0.0,0.0,0.0,0.0,0.0,0.0
51_ADC006,0.0,0.0,0.0,0.0,0.0,0.0,0.0,0.0,0.0,0.0,0.0,0.0,0.0,0.0,0.0
51_ADC007,0.0,0.0,0.0,0.0,0.0,0.0,0.0,0.0,0.0,0.0,0.0,0.0,0.0,0.0,0.0
51_ADC008,0.0,0.0,0.0,0.0,0.0,0.0,0.0,0.0,0.0,0.0,0.0,0.0,0.0,0.0,0.0
51_ADC009,0.0,0.0,0.0,0.0,0.0,0.0,0.0,0.0,0.0,0.0,0.0,0.0,0.0,0.0,0.0
51_ADC010,0.0,0.0,0.0,0.0,0.0,0.0,0.0,0.0,0.0,0.0,0.0,0.0,0.0,0.0,0.0
51_ADC011,0.0,0.0,0.0,0.0,0.0,0.0,0.0,0.0,0.0,0.0,0.0,0.0,0.0,0.0,0.0
5100529_D,0.0,0.0,0.0,0.0,0.0,0.0,0.0,0.0,0.0,0.0,0.0,0.0,0.0,0.0,0.0
5100880_D,0.0,0.0,0.0,0.0,0.0,0.0,0.0,0.0,0.0,0.0,0.0,0.0,0.0,0.0,0.0
52_ADC021,0.0,0.0,0.0,0.0,0.0,0.0,0.0,0.0,0.0,0.0,0.0,0.0,0.0,0.0,0.0
52_ADC027,0.0,0.0,0.0,0.0,0.0,0.0,0.0,0.0,0.0,0.0,0.0,0.0,0.0,0.0,0.0
53_ADC022,0.7898339515046792,0.00039373274753307097,2.389597742413763e-05,0.0003914824564297259,0.00012792019576524094,0.00282468304918404,0.006160217972407843,0.011630463252085057,0.0027947361803718485,0.001284197389134656,4.764160972325904e-05,0.011242114128106495,0.0008740153132389405,0.03047474046376697,0.0008793499844448327
53_ADC023,0.5902598157736554,8.105096155230918e-06,0.0006129304631546928,0.0005394892650015802,0.0003480898955667833,0.002541278372527489,0.004257433537953492,0.019149065679713417,0.002632624624718249,0.010469282643593258,0.0007051729935304563,0.010065766284207744,0.0009220018988285172,0.22424720584598112,0.0005841151496275288
53_ADC024,0.5004894675308674,0.00011635308192936565,0.00037541743204660966,0.00032602265784698053,0.00030719255550193386,0.002098606601476982,0.002646413350965493,0.019532861607075014,0.002582023883853868,0.005380160969030601,0.0017127872188399393,0.005031577100206297,0.0007668833577418878,0.3328479878665013,0.00016373807795755368
53_ADC025,0.0,0.0,0.0,0.0,0.0,0.0,0.0,0.0,0.0,0.0,0.0,0.0,0.0,0.0,0.0
53_ADC026,0.0,0.0,0.0,0.0,0.0,0.0,0.0,0.0,0.0,0.0,0.0,0.0,0.0,0.0,0.0
53_ADC028,0.0,0.0,0.0,0.0,0.0,0.0,0.0,0.0,0.0,0.0,0.0,0.0,0.0,0.0,0.0
53_ADC032,0.0,0.0,0.0,0.0,0.0,0.0,0.0,0.0,0.0,0.0,0.0,0.0,0.0,0.0,0.0
5300555_D,0.0,0.0,0.0,0.0,0.0,0.0,0.0,0.0,0.0,0.0,0.0,0.0,0.0,0.0,0.0
5300767_D,0.03667027619747654,0.0008490057697454477,1.2443417115926005e-05,0.0011768331743342575,0.0013891891265384038,0.00028455520662928885,3.4373134338849813e-09,0.2895015897773472,0.00030435385409743887,0.3123762043138536,0.0002642033011593936,0.12783765683567294,0.07356733779958312,0.058083101688926726,0.004127689378954802
70_ADC049,0.13502563523878286,0.00047240863592690197,0.0002738723878961125,0.001459788940751494,2.0314119925757265e-05,0.0013788703308226233,0.0006523018980676419,0.09792586528512914,0.003535845213256783,0.16765819107271318,0.0011173921431556488,0.04869117050407945,0.024471373462244483,0.3844989141594424,3.795944272910745e-06
70_ADC050,0.0,0.0,0.0,0.0,0.0,0.0,0.0,0.0,0.0,0.0,0.0,0.0,0.0,0.0,0.0
7000583_D,0.0,0.0,0.0,0.0,0.0,0.0,0.0,0.0,0.0,0.0,0.0,0.0,0.0,0.0,0.0
72_ADC051,0.0,0.0,0.0,0.0,0.0,0.0,0.0,0.0,0.0,0.0,0.0,0.0,0.0,0.0,0.0
72_ADC052,0.0,0.0,0.0,0.0,0.0,0.0,0.0,0.0,0.0,0.0,0.0,0.0,0.0,0.0,0.0
72_ADC053,0.017791598837951228,0.0007751481567443985,0.0013954869099290779,0.0018153312292783497,0.002604451469334079,1.2797748674020505e-05,0.01914944713949418,0.1659775002906112,0.0009427463568099091,0.28661001723884205,9.86782513372475e-05,0.1049426804182806,0.05629063747520136,0.05939432653542221,0.00011888267837434353
72_ADC054,0.07233879162965927,0.0014074911766320806,3.345063721149621e-05,0.0013569687814977136,0.0011176884428704128,0.00021008778451481191,0.00027686599081055974,0.15553417500663844,0.0009291193767085869,0.4342083644992404,1.5685361348216628e-05,0.12125574146647446,0.07726831602401417,0.008221217761144928,7.324876676650937e-06
72_ADC055,0.0,0.0,0.0,0.0,0.0,0.0,0.0,0.0,0.0,0.0,0.0,0.0,0.0,0.0,0.0
72_ADC056,0.1564535486662385,0.0009968480058273332,0.00046611908066129804,0.0018362071565698468,0.00048042078877430505,0.0014529889376342364,0.005418925936870656,0.11341632295875635,0.0033639426799070282,0.18002121397693027,0.001060041488535779,0.059499664354087926,0.024312990473561613,0.3137783633381782,0.000476953048781259
72_ADC057,0.2008371905966828,0.00044291388939987625,0.000570871746754742,0.0010014470952668386,0.0003778400370864077,0.0023237160478902785,0.01292816910300254,0.1285102357022868,0.0040054022832712866,0.14690022850961335,0.0004170593630781205,0.06144060606528413,0.0268442648437468,0.27965558794880085,0.0031371962664409336
72_ADC058,0.0,0.0,0.0,0.0,0.0,0.0,0.0,0.0,0.0,0.0,0.0,0.0,0.0,0.0,0.0
72_ADC059,0.3529015083647216,0.00010272538083067052,0.0008150035713891945,0.0010468938070451461,0.00012375278494913822,0.0022531507080608693,0.005556345960020082,0.08919092573850251,0.004635077274424693,0.13639093095679775,0.00026924198291988777,0.05620881554804669,0.02487520502965612,0.16441731573035126,0.00022727462920513197
72_ADC060,0.4178172581061869,0.0002357974998361545,0.0008536761983636287,0.0013664866482507865,5.778734251637996e-05,0.003204317182723737,0.0011111750558313591,0.07209457236607797,0.003287241789740269,0.15378263309140427,0.0001172137676030971,0.06348754076223295,0.02883974237323605,0.05100091751458824,0.0011457937196394095
72_ADC061,0.4144143980725318,0.00025189487602861327,0.0005101272317321603,0.0008719038406878044,2.50951265434729e-07,0.002317833180953799,0.0001011581754506441,0.06002498232397613,0.003456153830665109,0.1580401347389725,0.0007778559037372457,0.05652267531316835,0.024495477751591,0.06227967540645496,0.0009309738957639092
72_ADC062,0.06899927714929466,0.0015032537538526294,0.0009491881796153123,0.0014154510427561995,0.0002785465927204189,0.003913175329900097,0.00047072905031286805,0.09022836303532167,0.0007514688102363554,0.17550239743596666,0.0036801149494405374,0.048635508232519616,0.02638161373652914,0.16925571386956773,0.0005366976440097648
72_ADC063,0.42242010036346994,4.607225983721541e-06,0.0019518806494229766,0.0008137802582065534,0.0002460253808478363,0.0029710774591363838,0.0002892532425046168,0.061304028536077075,0.0035299158541513,0.04866734720545629,0.0003767352455337214,0.032287985366350684,0.010922754977110816,0.18315101035192904,0.0008179884379265756
72_ADC064,0.4351614923526764,1.7358695769686958e-06,0.000682932482137022,0.072848322785248,0.00013162657154375257,0.002623279173543103,0.0015886331467739325,0.0450303815138442,0.0029768847004283394,0.10248385531116756,0.0005993563215753728,0.037111672495571464,0.011066660291080721,0.12450284565610426,0.0014886972380201426
72_ADC065,0.0,0.0,0.0,0.0,0.0,0.0,0.0,0.0,0.0,0.0,0.0,0.0,0.0,0.0,0.0
7200512_D,0.0,0.0,0.0,0.0,0.0,0.0,0.0,0.0,0.0,0.0,0.0,0.0,0.0,0.0,0.0
7200646_I,0.9299928758281794,0.00036783589344580037,0.0009990773377480666,0.00032557035186220334,0.0011262353976289052,0.001650283052422208,0.006837755408534818,0.0024348707249398642,0.0008870387186107332,0.004632115351774879,0.001015099284709553,0.0020146393461026872,2.515048744367032e-05,0.00026010075246996056,0.001014461318852633
7200730_D,0.0,0.0,0.0,0.0,0.0,0.0,0.0,0.0,0.0,0.0,0.0,0.0,0.0,0.0,0.0
7200764_I,0.0,0.0,0.0,0.0,0.0,0.0,0.0,0.0,0.0,0.0,0.0,0.0,0.0,0.0,0.0
7200766_I,0.5329643254316095,1.9590051214546375e-07,0.0005181277589303424,0.00021219611415623785,0.0001005112251466489,0.003124949313855318,0.004900720002249281,0.09310040778363672,0.003778943722829276,0.07742901478852693,1.87572178506068e-05,0.0548444856142406,0.016292347751787114,0.10294394624349136,0.0036367827777392674
7200852_D,0.5130285391133518,6.949091128882756e-05,0.0008064703108865423,0.0004938738296884626,9.984685277608653e-05,0.0024528370139473843,0.003769744219624172,0.0930158849036481,0.002980381547194821,0.09638863620064286,2.2807807111835388e-06,0.057213009020426135,0.018917368634697614,0.08686900392795305,4.5130084764255514e-05
