,IWRmultiplier,RESloss,TBDmultiplier,M_Imultiplier,ShoshoneDMND,ENVflows,EVAdelta,XBM_mu0,XBM_sigma0,XBM_mu1,XBM_sigma1,XBM_p00,XBM_p11,shift
3600507,0.03573355642515515,0.027167985047847083,0.04112933198885192,0.041784178895841184,0.02885272996823612,0.02992330939909808,0.02652394596478206,0.09468457683660003,0.022980816266643056,0.05041529214149161,0.040604005801149166,0.05519333405553745,0.05125250666227029,0.4247414650659817
3600603,0.11568250723383652,0.02485357366039943,0.02382526995770569,0.014501534325260763,0.03172020889033803,0.02049244678316946,0.034115654988130316,0.2620448417001051,0.058652376016252186,0.02996269820771085,0.04409008611782948,0.06783731840952625,0.0383293996554679,0.08630592012148504
3600642,0.17644946621011387,0.05344138905729108,0.07074165245504456,0.054404964893161996,0.07969187817633883,0.05709192903715207,0.05883547739399112,0.15382397435160744,0.05499717182150797,0.07960980728735685,0.06395717158774912,0.07020713776028177,0.07365479321016373,0.16944818980900506
3600645,0.1079668792746998,0.032478142433891515,0.035324135441872184,0.030340985023231824,0.06342063713407571,0.04108811770313548,0.03802276542028053,0.18643590782892386,0.04467980675470209,0.1606035107626679,0.0342134732179369,0.1274701998654941,0.06256980653165549,0.09903028566115148
3600658,0.14179564897803004,0.04406331209123728,0.03126446160192057,0.03765631100187805,0.1033934542509794,0.03666438062452215,0.04292342417232152,0.2615872542158753,0.0650984791296181,0.04695490293643932,0.04631046409486448,0.07271104641877857,0.04321246112966075,0.05781770385170485
3600660,0.3789718962954145,0.05156844642251938,0.05090679797637656,0.03900878986859562,0.06138929122727633,0.0487510823715124,0.04735655441713287,0.11202847518751073,0.04953738731828266,0.04708818567703607,0.03458373084868553,0.046457623080198726,0.052008506262249364,0.042791017249848885
3600671,0.13882590231057038,0.036246588663997256,0.03639463407963586,0.026515764124816144,0.07298965889774896,0.03019805244865233,0.047254087522242194,0.29484318837226164,0.05213632425185438,0.03781932555471392,0.040348433971867714,0.07403702637627876,0.04327590476848492,0.0465422360822684
3600687,0.04136849104699248,0.03646035064365039,0.030765032246628344,0.030233358496376886,0.04006949690217902,0.03073123266026528,0.025320491315297827,0.11254478623872774,0.02589126484383523,0.08937035092287518,0.04320540827369932,0.08085408672646023,0.04153563299989825,0.3302205696604237
3600709,0.13708584269749338,0.03227826816701041,0.037612262214120604,0.031590400398907516,0.12557447738509486,0.043906720029838295,0.03758327854693037,0.29745802171985336,0.06814106515266549,0.04717836238261236,0.04797669013162451,0.07167375436951075,0.045480431028559316,0.05449700219301455
3600725,0.15270804446982425,0.039645446180493565,0.04931325579253257,0.042486736505893984,0.05928087718844877,0.04729263584672812,0.052074615003233606,0.30941189295410026,0.06473778382350852,0.05279440824377925,0.04097323422458353,0.0768411816707257,0.06455635978888609,0.05016362543771362
3600728,0.16160735667441578,0.056012022375129054,0.05792530531681695,0.056662106374420075,0.07292717534906483,0.0609047442295016,0.06190054527114061,0.3149096735562348,0.07577201402661765,0.0592905991613981,0.05305486224572535,0.08530061761518562,0.0577272392974431,0.07425996395470771
3600729,0.10228211935274564,0.032068575921007626,0.02709559248406148,0.023025305648131014,0.044641180509057424,0.0419168329196779,0.03923290235433427,0.29458915350251863,0.06805540738806262,0.036669585876515635,0.042631585673146746,0.06776910878748768,0.03263928030594883,0.09098010480265437
3600734,0.17045186360194728,0.0499877305628077,0.04581686306916635,0.04089281814504464,0.07365174590251469,0.056266317665452883,0.05811036340212492,0.3089267368913177,0.05269277447275602,0.05003181768387588,0.05639161175685066,0.07974241499655613,0.05044184431947716,0.06266272097622598
3600765,0.15490247478264316,0.09084034896988337,0.08050552239655932,0.0767457507062911,0.09110684228496498,0.08527817383506918,0.0883823968891157,0.22292703690271648,0.08837102123002316,0.11057547735478172,0.08276326132393555,0.08554753095524006,0.08833908807163182,0.1258335853538886
3600775,0.14886939387089546,0.022333915420998426,0.0358264877150276,0.02342568486092973,0.052367021130602265,0.055899351146982884,0.03305859277380212,0.21474480403421786,0.0337206088105872,0.07997512033315679,0.014907944414109553,0.08625488814317818,0.040600047388388065,0.07243480283856259
3600780,0.16261003282553393,0.1039375032082831,0.11453887587881055,0.10474618088459504,0.11802619853138292,0.10603591180922138,0.11056843283656376,0.3810884608413582,0.11254126977373632,0.08859643516396151,0.10413155664116178,0.13293736961372996,0.1398210685266842,0.1383323630704288
3600796,0.11320766490418935,0.05055886952048775,0.05195543157473902,0.045823752906338514,0.0556713814821264,0.04708456473127354,0.05258861656022477,0.2232741731391732,0.050092737499568114,0.04445898567794666,0.047624790129856674,0.06423070608543216,0.053802440129172534,0.07241074737657566
3600801,0.05709702891361081,0.02792223699674451,0.038476345582684326,0.011379235459302632,0.02648631994207821,0.03207978922893129,0.024695014924000933,0.16864484323514656,0.021446508049233298,0.1651160511919819,0.03664050126535039,0.09409154953789073,0.06740209400305781,0.04239289301131298
3603543,0.0,0.0,0.0,0.0,0.0,0.0,0.0,0.0,0.0,0.0,0.0,0.0,0.0,0.0
3604512,0.0,0.0,0.0,0.0,0.0,0.0,0.0,0.0,0.0,0.0,0.0,0.0,0.0,0.0
3604684,0.04772218293171114,0.0369999129849822,0.416382665240009,0.04745295357989066,0.04641786331636257,0.045035775821234775,0.04540373740357055,0.04527148299914399,0.042310541583630144,0.10382311546686973,0.046897007098078605,0.043735264564589364,0.05470669892176768,0.07061760904732327
3700519,0.04852306481312757,0.024735405353621984,0.03729519295784065,0.02121160212596955,0.027438124042309726,0.04279423224817765,0.030521310329344686,0.20616044081790216,0.028686403179429325,0.1831032239653932,0.02144973681991225,0.1295108311897823,0.06179436652500477,0.08860958541830416
3700539,0.17385469420651412,0.03322209116492949,0.02666684963331616,0.031154266024106737,0.036513926476477776,0.032304715614849766,0.03310445133545573,0.21939810230393147,0.04288899495853502,0.053181961912341216,0.03299664919929801,0.059974189394184974,0.039150277114270014,0.1561910855922875
3700545,0.12052583525682588,0.047297973535885225,0.053904566543805314,0.047718190568084184,0.10203793069011638,0.048922750583774224,0.053369407290064085,0.2006388882539269,0.05976441952680184,0.04620035856168818,0.05222232332261932,0.0700091124224411,0.057527692558894075,0.05834362390527802
3700548,0.14095109786148666,0.046677127229302916,0.053165731356087466,0.043778310523815284,0.1962507546532814,0.0580971666513549,0.05428775970617032,0.26811294657804635,0.07284143160633103,0.05663878234145836,0.06414890274240223,0.0789127057345762,0.06167827604954389,0.06477528700067939
3700560,0.03925885641474599,0.036119263243418666,0.039347717758492655,0.019703789621491673,0.02634970353533207,0.04138724894315924,0.03536994263588937,0.23288327638956524,0.02571425872284604,0.15949280589299053,0.013482941627169093,0.12224657176394638,0.046176504577445585,0.07208404183489937
3700561,0.2277161784740079,0.0362793417904128,0.03402205222465783,0.03302981658407465,0.04951056968120676,0.03630479613238848,0.03773697070929948,0.17342995206462514,0.03383263337696947,0.040339481948457497,0.034519959876075985,0.06333175436270175,0.0297654190044785,0.1942568175498312
3700571,0.05752596745465283,0.03083433530760565,0.029550978766155995,0.02057768265514446,0.011970185390019959,0.044018717865317934,0.03868754963551569,0.2128693063952328,0.022376754543693277,0.16061815536567942,0.023013282344844538,0.1160783700105934,0.06975294662534112,0.05984987641413079
3700642,0.0837844725158726,0.042034832009349286,0.04299059636360325,0.04366021120935958,0.4044376549376237,0.047846819931675985,0.0467009306825025,0.15752721813866022,0.06658561277228385,0.04751350123957141,0.04420614168916012,0.047518864165335635,0.04820857243850761,0.04276159975844679
3700655,0.18266271454763555,0.04362034292761376,0.02711266393661293,0.039285579936873455,0.0450173316337625,0.04156221223238762,0.028419980276776963,0.18458630501411136,0.027031869769880132,0.04375198155640632,0.021578410123568405,0.04632370132685122,0.03905885587297415,0.2372664743174516
3700658,0.12793578220573734,0.036127565053170094,0.03871259172880324,0.033776183144440385,0.14824516491949852,0.049009379651501664,0.031029475233158937,0.275774749042344,0.07071317815305103,0.04460873848432108,0.04566411195413882,0.07134487175898935,0.04917204705870815,0.04670002257765076
3700686,0.4976882613232616,0.07808707430546605,0.07266115997273441,0.07413662207092313,0.07394270662681904,0.08039875898953268,0.07458711901345487,0.08426767362764184,0.07706473302423379,0.08315837399951831,0.07598967769845537,0.07501315111919298,0.07573776856817589,0.0712789280961295
3700694,0.2880687323810573,0.055123971920419984,0.052307638333807104,0.05699791977948832,0.07290363050428783,0.061667722347447676,0.05912237155188184,0.21304489343423788,0.054863077461395064,0.056839284904938475,0.05551177566826322,0.07314569767266371,0.06008393129194739,0.0605606031096804
3700723,0.13191015845122836,0.03724825874171854,0.04059515041105982,0.03163217739053956,0.12637356549822235,0.05615024117679962,0.038185006131075734,0.2943789097883084,0.07067735102321425,0.061541221717492614,0.049003282336469146,0.07754646625169376,0.0531346554782504,0.04669799784926866
3700743,0.1059868383125591,0.028459649152557737,0.035081096376230886,0.027316415308224325,0.2518393929044637,0.039468134294578634,0.039850338738084266,0.1897671570233083,0.058677523132666,0.042802076991459465,0.03509292624492126,0.05729046897476245,0.04045328495869259,0.037722856669135114
3700823,0.15630397221955242,0.018876700151484908,0.02129163244830492,0.027609534138836784,0.03637843611221288,0.02593236314186268,0.019741177221938643,0.16883817101621434,0.02903119317961022,0.05089854754651675,0.0336084780441291,0.06711419641741527,0.032538705407228724,0.2571413439141635
3700830,0.2394935066644157,0.03516268939478951,0.033981153725263766,0.03691154903113792,0.06189130041781839,0.03991033637924633,0.033336990479953296,0.1999108194820756,0.026418849137027186,0.04491198899529434,0.023107722538127592,0.0713017908563145,0.046383132474388175,0.03429223124771387
3700843,0.1929907121211725,0.0167662897995493,0.0305675226671831,0.029969946936171724,0.05671312774691245,0.019064421119148432,0.03427693327192187,0.2484290954984336,0.05468369596339325,0.0404923757518485,0.043469964251341295,0.06181950287379478,0.05450623458050161,0.05637962096631309
3700848,0.2279336728239067,0.03611908916202534,0.053779372705557806,0.038164812206254485,0.15541382380390914,0.05121592278245781,0.04479093675376699,0.21051612178077955,0.06605061688923168,0.04544670433178828,0.039057586571833294,0.05880153776228221,0.04673246790352548,0.041554570157940285
3700857,0.130412881115949,0.042807953090677774,0.04402851237660085,0.030956903118742773,0.07241662456318276,0.029776867621701487,0.03825892648678382,0.26793832769543063,0.04698098032548692,0.04339532039218222,0.05137069455589507,0.07936260543245759,0.040714108967115914,0.05195237845707575
3704516,0.0,0.0,0.0,0.0,0.0,0.0,0.0,0.0,0.0,0.0,0.0,0.0,0.0,0.0
3704614,0.06343595216408114,0.06183865441889641,0.3790347127047438,0.06362639402457729,0.062435543697709386,0.06308723097733379,0.06439238959956173,0.06377403685542596,0.06126618910326161,0.06553581611668809,0.06514253718095744,0.062206891133236325,0.06688378430576315,0.06979486473460475
3800516,0.15166225858877802,0.022030641333721426,0.035184835725881616,0.040590148053992095,0.04610026584239586,0.034288966874871506,0.03101745453402865,0.2141834575431265,0.047642592500638035,0.08970895146969443,0.032812713281952774,0.09714028377932277,0.055629833134171185,0.1703863782679827
3800528,0.1844941950050093,0.03090872876839875,0.04016455192267188,0.02952231305110816,0.046855697284854315,0.0454115597331456,0.04628891130797196,0.2825291706559712,0.07101211338799987,0.04041709752155178,0.04541360614208005,0.07232029890496862,0.046315147286008884,0.04737402392146565
3800545,0.19523414430068514,0.032927766065443544,0.01863937956888145,0.02203878411890762,0.03979632046502593,0.04426215583042944,0.037109817440354714,0.13525226185234035,0.03255077353222019,0.14379980601413025,0.04027912622441105,0.1127685734512571,0.04627871589145178,0.034093292297568537
3800547,0.21627634247868066,0.032199924117866326,0.035902167376697755,0.035836156543355965,0.036078601323749016,0.03592239148047111,0.032847087772078114,0.2548303658179306,0.031104815350432587,0.051483243276403336,0.038057518485605686,0.07538342212176619,0.04660518120427079,0.039274368665929364
3800569,0.4541245596940137,0.054162173269717305,0.04774612440787571,0.057804216029477024,0.05753640620722865,0.053936514222814064,0.05491284322627634,0.062211313916750076,0.05255487510803227,0.07410170989651715,0.04915921474487827,0.05610088349931989,0.058152605862714014,0.10070265720455696
3800572,0.1479724564195194,0.021104754024396655,0.01962183455668857,0.0249230843951434,0.04459004345820722,0.03500817079896619,0.029439733851985526,0.15384364548189922,0.03970184012205399,0.16544923037408735,0.03318457640211054,0.11753514576630693,0.05421573139339002,0.05651360650120276
3800573,0.26394391051101546,0.01470538702723365,0.02096545229098961,0.0390205950584196,0.038159872257853285,0.02973104045616353,0.0261624334865491,0.17350736134308714,0.030411855448327932,0.06616803650580012,0.025229596490307368,0.09031670783378436,0.03755228432607125,0.07032047327571045
3800574,0.12830447862329758,0.050563484629649436,0.04984489049574842,0.03743111319228791,0.04828423762308656,0.04827884896876949,0.05213645219228178,0.3012511198622836,0.059981144972244015,0.051965867217364736,0.047792860480585765,0.08756360348507862,0.06145248288705641,0.06060532599769936
3800606,0.06991555434162586,0.0312611494660069,0.03172235346086054,0.04373715394706697,0.047395853179648686,0.026940133498070708,0.030646418916914893,0.3211375468958209,0.04561500386210903,0.06525271980701143,0.033911849288204544,0.09638627081366972,0.0632155839302025,0.13899060141834674
3800618,0.1466536681524625,0.036576604967043916,0.039001485925366265,0.034511405146989506,0.054060106143358974,0.16625449882567767,0.03243820592479952,0.2251866532016265,0.04229706337851802,0.06577769007438403,0.03385373180964059,0.10210951343504783,0.06369582798729242,0.05711071930158766
3800639,0.15463668991770102,0.016084786593047278,0.024808931896543,0.02129503446582629,0.03795104126249679,0.03331039235422869,0.027017795083099188,0.1812067180482983,0.02972149684263347,0.12563966651473238,0.03497519896955818,0.11570779642216585,0.052899684999097335,0.06767594090720477
3800651,0.2757002760652465,0.02412731579234085,0.024561396896247745,0.03552887127112929,0.033837155630856694,0.038980416926922216,0.043903412875874924,0.16614280964958678,0.03572012740860868,0.029483337574517005,0.04263269285272901,0.06937579861811304,0.049060807555380295,0.0364940430025328
3800659,0.5963915799146816,0.08128873053135703,0.0808738421534578,0.083591711154764,0.08382569256664743,0.09105768373840076,0.08373399153725315,0.10578653128585896,0.0831302145184363,0.08716908885160914,0.08090440961940314,0.08177314119947694,0.0831836783739314,0.08523966926060092
3800660,0.12810393159291547,0.053032888993568006,0.05369588293214793,0.05344122582044752,0.0693530829401077,0.0663907864402623,0.05333732004144162,0.3015779924682569,0.05739495449215432,0.055350898748451886,0.051081366357535414,0.06770056337990223,0.06143232170181522,0.08245912418115245
3800663,0.12435507353516705,0.03213388951061001,0.022788656248145682,0.02482769672212157,0.04487034662234495,0.045776907305976534,0.02747535655226144,0.22395737691724574,0.035831170133804074,0.12899999929867464,0.028822274929484214,0.13886057900843946,0.046004109518349434,0.03245469770086973
3800667,0.303837240885351,0.04127380127416135,0.041424487104803634,0.042155947888814715,0.03817026401653518,0.050322261480192115,0.035143863560098645,0.04763672865226566,0.04856184860041966,0.04570176253897102,0.037977983246576766,0.04672426520073572,0.03583510021148452,0.10687645764098404
3800688,0.11457658323178276,0.05649361691913075,0.05663968484350231,0.04416626013289941,0.04822695049750555,0.05449846150913844,0.04001267251793513,0.3380254119530245,0.05916376551690687,0.056039585254020786,0.054072436716084124,0.08619916902840809,0.06305441304796916,0.09039751068501993
3800712,0.16000992232230868,0.02586213762487893,0.021775514427745158,0.01767417527590192,0.05932401265021758,0.12234072166476713,0.032407756488768716,0.22710379768788194,0.043334488238840715,0.04425975531776947,0.037318354957965504,0.07888097412643949,0.05524536124833333,0.050555793524492576
3800715,0.18416990789650964,0.03615773977495738,0.028771792589974362,0.02566153827084532,0.057145195217230216,0.09293274694604728,0.032162137195110865,0.23981058151531004,0.04360016100666784,0.05849537323316456,0.04400084556586943,0.10173597419508013,0.06626174385218422,0.05904986650796721
3800720,0.4575012001878672,0.053503572083238485,0.04503209528754345,0.0496057047600509,0.04323726112682337,0.053056217486827616,0.04179109901675177,0.07241273186939284,0.051496069241266415,0.0700637161220923,0.05412155913947018,0.0688307186970929,0.0506385955697316,0.06943988496420482
3800740,0.17145513967893186,0.03830734375255722,0.03892007731321527,0.023536209762314426,0.03729053445163123,0.0930588051451508,0.03806578567507903,0.2798044490263198,0.04776173326696414,0.05157825917591595,0.039855602876461935,0.07631016522390202,0.04369653429835348,0.0578244476043492
3800749,0.06845669362327855,0.029591004178958137,0.02167342808589564,0.06852133407220805,0.03797131737796873,0.04141777971741101,0.029607838501947918,0.2655284160931312,0.050635119845282094,0.08499277493478594,0.04832558088615959,0.06896213482354048,0.05871422126332045,0.07296868263236604
3800755,0.14728457000835293,0.04800406494883384,0.05444835845051445,0.05092343164231554,0.05192034232942548,0.05306961577808346,0.05860703487951315,0.2734444092323015,0.055584995220895474,0.04958039838273716,0.053262243186418264,0.08611069896438743,0.053317301118710136,0.05371508043756072
3800757,0.1988360027855844,0.03786609825891422,0.03421007500635527,0.0362768026520774,0.05550234346723629,0.1042930330017559,0.0363245389716065,0.22252613876636929,0.04000431931685712,0.05576823100538018,0.040834830038185964,0.09171118866493516,0.0620621413431816,0.05733547513330507
3800798,0.19139514778900665,0.015262281961183203,0.03665193006593877,0.03166769005905427,0.026408852850670683,0.07559968520943136,0.018080951486190724,0.24949742191187335,0.05367747131737018,0.05420448307346243,0.036018903215996614,0.06772328872659597,0.051421401254384484,0.02281326573718977
3800800,0.14433143720340494,0.04833909585553201,0.05543517626108446,0.04703087001096469,0.051720190079544134,0.06426260377239329,0.05150192128108248,0.2584905397653833,0.05223762416682974,0.05144579981225296,0.05156827283212288,0.09634030094660688,0.057312085058388876,0.056664261301254425
3800822,0.4415169375902805,0.05140887091814272,0.049688422140163134,0.053462331214495715,0.0486195407945216,0.04897029367400132,0.049859317261749095,0.07612721891580458,0.047088457285126284,0.07566666480389693,0.05597430672618305,0.05945126959848061,0.058926519005870086,0.07114919611216622
3800838,0.17148493292418476,0.03642467811322897,0.04511549472721856,0.032207767524547966,0.04724683520199872,0.05506503477861428,0.04784255738593565,0.30043631912939034,0.06529625594835034,0.043917283001892134,0.034843193163413486,0.07332860243412885,0.046523220543738704,0.05666784229705461
3800840,0.13973143015130846,0.03689095934984933,0.04610093239321707,0.027535061684308262,0.04769424498957051,0.03518913930777592,0.04107593874919718,0.24570504866732798,0.03254838727757645,0.07612075073065956,0.03720121730601207,0.10034962620537588,0.06318301531780053,0.04748580098655721
3800861,0.2897760841966893,0.026346815884686025,0.033179920672505206,0.031373388167124,0.049527407003549545,0.031712950934809324,0.02154817076977438,0.14236248245483046,0.035947817547728175,0.07319011544082347,0.04662812290518354,0.07867586691551264,0.0389158730347736,0.05036375347039843
3800879,0.2800377007574403,0.031397783096039245,0.021667966214305362,0.04433584399687948,0.04803471781205306,0.030513992748669512,0.03275973648680432,0.13433555863867774,0.041616309481386254,0.09875340131415056,0.033224245071964933,0.10697641547388018,0.0481106012990977,0.04726316342420228
3800881,0.08606957796991703,0.03349372215293028,0.04478300370527518,0.05152283032110298,0.05996448413313769,0.04009341060744162,0.04081002490120048,0.0807987545519385,0.035130833534136714,0.09536320482525333,0.043572863227811856,0.0667013840920663,0.059473654137933075,0.3425785154427562
3800890,0.08770809610374633,0.03182264614778064,0.02749141255979041,0.0909030468663017,0.03846592445596614,0.027062658538485933,0.03464778982244236,0.2508853580001795,0.02644410134052572,0.07514580528695787,0.04980909222429221,0.08972803803305182,0.035842408562005226,0.11709345265414713
3800893,0.3717947379858159,0.04886651987296402,0.0447568598931317,0.06166641778977459,0.05590316011973498,0.04386910680521397,0.04762977094579048,0.06803279673363641,0.050196604352096406,0.06393884445960726,0.04596701968283394,0.05758601950674803,0.04831287185862572,0.1083995434164217
3800902,0.2879193004178014,0.01763052305736196,0.016672627249525264,0.03725125790595907,0.03891720724587961,0.03812920677494927,0.025846925396191617,0.0551287323302429,0.02471757589588945,0.07446220990430544,0.03975401365079274,0.06342208096914517,0.03681046447164338,0.15287836373015076
3800920,0.1544940243960148,0.032499083593085766,0.04861202191536265,0.03206442356401192,0.05569759247679673,0.03881327375884365,0.05346534287282632,0.32126381506190616,0.0650801119495811,0.045858270281221976,0.04368768745991917,0.07393097910427357,0.04704761959762837,0.05819433122156824
3800924,0.049651706292102096,0.02033557686685624,0.026872559670027076,0.031446293402866386,0.03209493223177873,0.020332784698999483,0.027896010284201016,0.25185764282823164,0.0338654544564773,0.06453045878291766,0.0343620825398623,0.08729061572223143,0.0541126950167226,0.18367073156932648
3800925,0.14881525428484582,0.02427590343132991,0.02612655455217597,0.028086214733857057,0.050893699887848136,0.033215670345630346,0.024449014380840992,0.22053654499802108,0.04305288097863354,0.07519130804506606,0.04522667885524799,0.096150916468994,0.052568470705279535,0.13830011088385258
3800930,0.15018389065885282,0.034059078434911065,0.033660090214436215,0.029408020912062488,0.03799264586142773,0.12690523154236552,0.024023543670157462,0.24841175177886676,0.04464410516137225,0.05452342863373474,0.041921337555830634,0.10675327135489854,0.055750949304700835,0.05643461159321469
3800939,0.13245319964260746,0.02107792686032964,0.02003413061142706,0.02594370119700079,0.059102919474416475,0.023039211021870544,0.027254131431908902,0.2599763011123958,0.0570847826082251,0.08573952014749704,0.013406620986510704,0.09977315486776624,0.07436216783608833,0.07287676690387328
3800959,0.1665711524552633,0.02417758849895863,0.02996252694925416,0.027974206902041075,0.05084659381164782,0.04722019650044725,0.01754003359624961,0.19235559728719467,0.026512917438257143,0.09282433806831374,0.04358089027584068,0.09203592641167953,0.05654996076923888,0.05946900227863431
3800966,0.17111317301772694,0.029408422899715257,0.03750252016308878,0.028984570294758975,0.03299583060030555,0.03229797092431253,0.030480222473486127,0.2665925673961558,0.04368936148776072,0.03019596218534248,0.029846329520259805,0.07632831460272142,0.043741480045357085,0.0378619467380599
3800968,0.17071683851502992,0.02297892280073798,0.03126835773909838,0.030476731211005918,0.05186579884210535,0.13226022167227225,0.027576935725828748,0.2256758543552637,0.03808567012202212,0.06720929225338397,0.03640772281626497,0.08752648707853371,0.060103266965478234,0.047388152604100495
3800970,0.1209182723677044,0.02912365383584855,0.04443482494521392,0.021735899020657763,0.05566438320020395,0.02286797101410769,0.04072134511046882,0.2649695457177769,0.03675562996069561,0.11382759296141365,0.02197236075989937,0.11679993086365148,0.0659245019073557,0.04905171045940098
3800981,0.02226364467186157,0.026757301943189142,0.023385448805539714,0.024365681211869068,0.03188352701901922,0.026979205041746626,0.0257561933172628,0.18698668088452508,0.04078544436911901,0.13571424030359014,0.03367416133970909,0.08972527279014084,0.05401291487362535,0.020410307105689918
3800989,0.12389169484817245,0.02454923072066304,0.033033681354195835,0.037343217468298974,0.049139903565880085,0.020945919426988282,0.012805244452101057,0.08484132362977011,0.032460654053246565,0.09355477074164778,0.03201560377870172,0.06590919417211161,0.03139863422298519,0.3326843761904744
3800994,0.22920234364159234,0.02493659768026257,0.035376417696032336,0.040359366146417636,0.059505743415956526,0.04226285414213279,0.028538371885146307,0.09730960005811183,0.04177716325993335,0.0829424389227659,0.02927977680190246,0.05768830000487759,0.036743067408133184,0.2105097884218856
3800996,0.15029485515162894,0.041750499494037384,0.04653262211517902,0.028974005485645812,0.04404268092571397,0.0452174264138953,0.0501237803784203,0.3160546371926937,0.06693608558173944,0.043981070229014964,0.04001223376386319,0.07267627479754209,0.04905801529863098,0.05525937909909543
3801012,0.2086980122730246,0.1953009482088271,0.19556404401154,0.1966297067662603,0.19470891198138324,0.1980623306636901,0.19261163780818485,0.2388135170009788,0.19682973667790096,0.2005020143575692,0.19685300080934545,0.19618998376840788,0.19873926143778695,0.2009333997193448
3801018,0.08677220878329397,0.057500854271099036,0.0458672002881032,0.0588628577848245,0.05473971285277757,0.06368475689329506,0.058159368759855966,0.192339804263148,0.05337531807807675,0.09245488396260457,0.048754527438231575,0.1036584372384373,0.06879255993935965,0.04973155641426963
3801038,0.15736459291403326,0.1441920218391146,0.14418457304926752,0.14673104501003972,0.14843345466790542,0.14408105456058135,0.1466815223906639,0.2025420222810383,0.14553130950819032,0.15492271990781908,0.14606109799380554,0.15643556026366204,0.14650536313659035,0.1544178702683519
3801062,0.12374971500782958,0.04800447307668102,0.0442211788849912,0.04183766558261175,0.04286264015371213,0.06733579520489681,0.04319592672400016,0.2742503892030578,0.06993091605644187,0.036609717755992914,0.041713560009975004,0.060134490900720636,0.0529341389988055,0.05552900561999143
3801066,-543127934918.7368,0.1360153685084464,0.13366622921093313,0.13605129829412238,0.13506031126712986,0.13401534622045425,0.133713325837422,0.13480938259230976,0.13262087190502922,0.13494694295795634,0.13490806336516015,0.13546645784607148,0.13505139421999024,0.1346244712693349
3801073,0.07201088997421183,0.06459184561745218,0.06705153586245874,0.05975015720687023,0.07448325756826123,0.06488069861181896,0.07791261934854088,0.16252635662298925,0.0688112059703781,0.09368308919104296,0.06516094939515163,0.08947678478865569,0.0753265403354845,0.1896157608810543
3801078,0.056396942014210624,0.04116875129105908,0.017452278549275554,0.0680096782336435,0.017848215031188292,0.04986477114002702,0.01574371263376707,0.15397174590292612,0.04471925147111962,0.16323546239308445,0.03211903215939,0.11145688580910776,0.05479198273567003,0.05549578704867699
3801082,0.146122823805073,0.15752951486014216,0.1522221560269921,0.15727360378707134,0.1550303940777884,0.14838833913034144,0.15375371872850258,0.16649007129793345,0.1512058178186165,0.15375161754431738,0.15465608599955166,0.14126173864378766,0.15081239508116595,0.1464473132033625
3801101,0.1174654159707385,0.11011600316274137,0.11125837440362844,0.11160736620398576,0.11104492059898534,0.11627451111015345,0.11343668109971555,0.16167043461097716,0.11271524397513692,0.13659248993538467,0.11515309263617425,0.12817689622411266,0.12010208833166187,0.12050298321729087
3801104,0.265092839250222,0.26502778263382404,0.2658353610155818,0.26502876416061605,0.26484365478405925,0.26479931590336403,0.2648224561047321,0.26028719184118,0.2648037703395314,0.26437189473633793,0.2649361506116277,0.2642772273119191,0.2646689587735679,0.26186786078605456
3801121,0.14269548143877714,0.06380495917277203,0.057836641166484924,0.06770829576115714,0.07301640933269983,0.08971966500227667,0.07158745615880571,0.18796240776129675,0.07059055479076874,0.08753080830959059,0.0622620299659328,0.09610286463706852,0.07812892584923473,0.058132563821534325
3801132,0.06300604800336862,0.05913874633897821,0.05129818977794148,0.053624504527570165,0.06325880561967485,0.05604148800612317,0.0765622170681065,0.185811319475454,0.06296182024567057,0.08674880155743749,0.058740905467723925,0.09040434710153387,0.06979124464865796,0.1841692511767864
3801147,0.1519368163796158,0.1376830977124049,0.136544792973217,0.13681828620617614,0.14075458220468448,0.13987516705770586,0.13833743485852498,0.18742604115753606,0.14235423125112473,0.1455062101388667,0.13829092838041598,0.14760634443255985,0.13939191201490805,0.14217132871170646
3801481,0.32566270451945434,0.08655358701600332,0.08285426457448893,0.08713768209678073,0.09351999594384557,0.08050753538056678,0.08403688506645167,0.08842828436506797,0.08579181369829955,0.09062242026335618,0.08307768125519285,0.09772588185063212,0.0737775926137422,0.13083531139354634
3801661,0.10436114861429337,0.06601604974496975,0.060548713754388674,0.05342492511557224,0.07209282329092688,0.060710999156844664,0.07521750529397768,0.14403237334141936,0.07167551948067158,0.09525692428407097,0.0628877518967076,0.08884263506571052,0.06734286067552411,0.235839763609938
3801790,0.07565756896819169,0.05014754468452711,0.037005211458738654,0.0434529273789336,0.04286610056619946,0.04869442817259191,0.05047843599369765,0.14811965945682354,0.03805067048241998,0.09417493079746828,0.04162341332293845,0.09140545163007596,0.06563072343951404,0.04492519314378403
3803713,0.0,0.0,0.0,0.0,0.0,0.0,0.0,0.0,0.0,0.0,0.0,0.0,0.0,0.0
3900532,0.2859006258350868,0.26692410211051143,0.2657661431914111,0.2649508217160878,0.26648560494499896,0.2661572768566442,0.2663271434604396,0.2615372804804773,0.2663060302113093,0.2670607392789084,0.2671080767081085,0.26546181938173746,0.2670352452278214,0.26581348941040844
3900537,0.2856488390876889,0.28514510261028925,0.2870264264862312,0.2859720951128361,0.2854156697734537,0.2858001196754318,0.2861899042910582,0.2792840196766847,0.2855199374673691,0.2866636466280072,0.2858959274489284,0.2851413903841442,0.28691831034511384,0.2851818058632629
3900539,0.1033213189881782,0.07187597358114875,0.07045046867283197,0.07374948207206793,0.07466135693009265,0.0705744021639881,0.07280720069108826,0.13753598610335124,0.06994700099760745,0.10832687730447656,0.06982960741934457,0.1003955694951802,0.0821970134113121,0.07200446053639394
3900540,0.14433487573312326,0.07367154723040832,0.07026860235763502,0.07323102466551655,0.08505910509102038,0.06716563329903245,0.07916829922645482,0.10309245490953486,0.07674766125929262,0.10837667311429056,0.07669979926739676,0.08935575051351223,0.0766345007550904,0.2547071698531869
3900547,0.2342939694992809,0.2595277537590453,0.25256669451972835,0.2602913970486372,0.2652789727378157,0.26375856866082026,0.224671872816618,0.21518652236876515,0.2489776889624349,0.24741778998491645,0.26784934477451905,0.2512806546556029,0.2565600066178004,0.2345954320946729
3900548,0.2284216827733128,0.2273855187531139,0.2264271871713809,0.22809124621554264,0.2301511184735466,0.22995551072047976,0.2258637062149784,0.2348264992864307,0.2285199163507218,0.23577239424250104,0.2267104445199048,0.2300325280262655,0.2294745092952645,0.2313919913446429
3900562,0.10761329607587104,0.0942634336403007,0.090777629453361,0.09078573021073767,0.09885114839682628,0.09412228794888453,0.09713532965533732,0.16798466757108504,0.09474690091426327,0.1225243738997536,0.09054600342761468,0.12132474407765335,0.10210331142021847,0.15017906640375012
3900574,0.10679786309738974,0.07913679262137273,0.07478871041444941,0.07643834281072652,0.08041777645735085,0.07662905897054614,0.07665515081479747,0.08491143483184753,0.07497668987646595,0.08013994490380738,0.08485745216465093,0.07500106260217322,0.07874222991634425,0.5316097748772832
3900585,0.28643115180001616,0.08219271528789092,0.0739209840842108,0.0696123031019644,0.07975771149461906,0.07028428652825075,0.07200915726406923,0.07589250754340117,0.08635443583108222,0.06504578181937952,0.07297512269761934,0.07659784306425135,0.07170894701645153,0.19792906422839104
3900590,0.1904717082249572,0.1868599175975843,0.1843536368778504,0.1839135074188808,0.1850111020193723,0.187276197389585,0.1866665561562621,0.23007302708748095,0.18609480963413544,0.1981340486136734,0.18346021550884975,0.19126569701690505,0.18776011448222504,0.20708770940142887
3900610,0.28590994877632897,0.28620811655166645,0.2862063786361663,0.2859738118612037,0.28556542370126675,0.2850763029018151,0.2865252635545714,0.2791051280949988,0.2853771398896301,0.28694130405908075,0.2863930180028739,0.28380241465885264,0.2864263712065521,0.28486530749617395
3900612,0.24397796282931225,0.26626650410673225,0.2680368718724597,0.26850138010900115,0.2656422694392785,0.2705235795525964,0.2667786523076626,0.2635398144932911,0.26596287714839384,0.2673820058236217,0.26925605970612543,0.2692107241737241,0.2702169285778403,0.2623396062394329
3900635,0.23906719898534134,0.2408145487033984,0.24110848891357026,0.24068419017867335,0.24039637708761494,0.2403632934574584,0.2408498107359353,0.23787192402929766,0.2407611515550659,0.24062177188928915,0.2412000917162975,0.23817396217583384,0.24130321701053464,0.2385690578655665
3900638,0.10600763929415354,0.059367993714841624,0.056060672553155784,0.056963294164928874,0.0611943912044613,0.06323952034024738,0.06740818599503251,0.16749136392888453,0.06099946504989564,0.09964050131279856,0.05899115465913982,0.10571235520154447,0.07488763226595943,0.06519678736044132
3900645,0.4636230747267244,0.11337715108968348,0.1092317868356015,0.10850534181170986,0.10857306650116172,0.10908774315234793,0.10924401652050234,0.11284688511307765,0.11014840112281417,0.10897778607718198,0.11077575561482383,0.11777987602430028,0.1087817204220576,0.11061430418802028
3900672,0.12238481063653853,0.05735739156099276,0.05122190855662665,0.05390749965511469,0.0678642592074553,0.06309856122442555,0.06496463042212461,0.16265221332696506,0.060586527358811565,0.12310302006272693,0.053964400977258485,0.11343380144490665,0.07659108771788146,0.05307865453897928
3900687,0.2760318102319326,0.06736020618652976,0.06937362824237725,0.06360912075361673,0.06629350397198969,0.06593781636461613,0.06934362804344002,0.13953356598266947,0.062403768596161736,0.07400226418923943,0.06274349902739379,0.09455556675807474,0.07179387875593883,0.06881546075406267
3900701,0.10339996945237853,0.056613013583018415,0.04889061181101097,0.05084226202344872,0.05958320126916379,0.05618727183034117,0.06035434989975408,0.1430927384794125,0.0479989625864231,0.10595247592242532,0.05349806140584349,0.1005426401655468,0.06720997930286264,0.0629752560075359
3900825,0.10253819329791454,0.04360262417435736,0.04426381234382739,0.044437241820631024,0.044618475031151225,0.04632064226199418,0.05034079396920575,0.1233368834859022,0.04302335629938079,0.10816170475876576,0.03229813447087615,0.0975347136472602,0.05722186265739089,0.045874961364761976
3900990,0.11722947868313525,0.08079613831259673,0.0734303794454288,0.0774450462123508,0.08503750849879706,0.07612832310070815,0.07529144206730985,0.08623924717073983,0.07560444509542066,0.08154400603721104,0.08643195580195792,0.07632469547774054,0.07834884088442061,0.4661560969142185
4500514,0.2572320122064926,0.06889195387039522,0.0632197591687621,0.06564076045438234,0.07543540862838065,0.0677966833790653,0.06828284782600688,0.08231547802788422,0.06880930500155746,0.08464902796062554,0.06845670935932098,0.08713235415284491,0.06664761519148513,0.12361419237555794
4500572,0.1985700944932177,0.06869640023641517,0.06309782836535646,0.06339879811937794,0.07273639646784237,0.06772151636493381,0.06785533232705278,0.1017504030290668,0.07042645467659589,0.1433609199299894,0.06208059951101697,0.11150484293337272,0.07046654654477852,0.08668125057676687
4500584,0.21597900851631785,0.06837837869384199,0.0619704958473571,0.07028094710548513,0.0767377965207704,0.07751291598756459,0.07019963454766942,0.1155151119310784,0.070548214238259,0.13381104446747155,0.062215992457648174,0.11779774704247835,0.07732107013142643,0.08517387842588256
4500616,0.2046999990533528,0.057735587415103526,0.04931456572407118,0.0519173212070924,0.0597993356314547,0.05558669792425517,0.058398679909889825,0.11963717292432345,0.056989731270688,0.09511338542559386,0.04401939584557335,0.09647665229645766,0.0601794365692242,0.07696861802299787
4500635,0.13193312518914269,0.05398934008918969,0.0504658210290864,0.052517607874154174,0.0620452262416445,0.05484467418460446,0.06679310510178597,0.09750889812166036,0.060606156958183374,0.1339678160602525,0.05542863832545989,0.09323481893512167,0.058351200132382826,0.1394715794993978
4500638,0.10509161284075,0.0690313547679405,0.06930314560746212,0.06891627553869119,0.0760407106229232,0.07024446553108803,0.07299294227277839,0.08315196873339935,0.078801757933801,0.10063456168116054,0.07373537258956822,0.08307548119565245,0.07523173325887597,0.18700192203588986
4500648,0.5028735222182925,0.11374363159991367,0.108551458992085,0.11348857289133175,0.11745846710641675,0.11182181886720736,0.11023915663623278,0.11119520440530006,0.11273188042378175,0.1137606967330731,0.10924959217281133,0.11231777583061513,0.10993274084029302,0.1216498969202966
4500668,0.2898730578140272,0.22408758526662534,0.22371831727911026,0.2238298620683984,0.2234591513020024,0.2241578841943693,0.22352224361689613,0.2230028201126512,0.22352725028382792,0.2243191945697433,0.2235508588219889,0.22317708694302796,0.22395117647096174,0.2241268622587488
4500675,0.17927993423227656,0.07398070975028914,0.06609210068550958,0.06808680386402967,0.08258694170405508,0.07134252862838075,0.08106780310140156,0.15764439668678493,0.0764118219683901,0.10693680390525302,0.06970249561062805,0.11132506233660884,0.07982097855818579,0.14705866329158973
4500685,0.3917078497826399,0.08697303691247668,0.07553506843949959,0.0833953832766039,0.08939209569398067,0.08102605220004735,0.07637057287088046,0.10354706939697858,0.08331321964126223,0.1120001716122178,0.07800454772452177,0.10992624634379508,0.08311872465750195,0.0920440257670894
4500704,0.2126082292489316,0.08371416716838337,0.07454660088515787,0.07286696416692409,0.09074191197509487,0.07588156589042169,0.0861025095223374,0.1521587374743764,0.08545584544093644,0.10860229933875104,0.07455882378804382,0.1188596489938594,0.07574010587150402,0.17805775238712207
4500705,0.5079957160374271,0.03700651647432608,0.042081865577949636,0.052549338866673324,0.04372083615087877,0.04825008627486908,0.05044687983968661,0.05268745866124371,0.04017640385498305,0.07110373057260239,0.044762147202131335,0.05169630172678552,0.0455818671016263,0.0495640974381282
4500725,0.3929858298744607,0.04995196891171315,0.05277469774364507,0.0620356308687081,0.06290325572604002,0.06640701434631319,0.049596237965914614,0.0966342306187946,0.06165383805051235,0.08513743989722307,0.05570189242402581,0.08568455724834914,0.06306569930212605,0.12858735172419702
4500743,0.17545414951857544,0.03700194047466819,0.026573039863940984,0.03141513350628612,0.0613975269625814,0.13232164806219907,0.02948027848163236,0.21490798233678532,0.042882265288927066,0.049444067306503664,0.02912780246498354,0.07678734196976987,0.05884264231609955,0.05904605845467655
4500749,0.4450286908679546,0.05225591753729751,0.04258471905746289,0.05780556290276919,0.0600965322242263,0.05236983583148104,0.0537797350061676,0.06324384208042125,0.05752456873432527,0.0802669376008149,0.05199496903666108,0.06346146812303012,0.057203870343520966,0.10006620427351727
4500788,0.561411806662931,0.05888088515874855,0.05867573049976396,0.06523905000337413,0.06980671282580155,0.057361258879189664,0.05841981063134692,0.06253673207263433,0.06412107222511844,0.08166239066891466,0.05656998995590168,0.05999572659611682,0.060475172407667005,0.09505282575776228
4500790,0.40154180543979817,0.05071836131379063,0.04189752025580227,0.057124358863518125,0.06518930147777609,0.05525538127766271,0.055320059331912384,0.06956770030956441,0.05847460039325503,0.08573222395257157,0.05510741202216071,0.0712028441430554,0.052869327274259095,0.09196633162807087
4500793,0.17464402864721226,0.03036379267560025,0.04103665521559306,0.04382286662207062,0.052298763028181,0.03532859209328375,0.032308638184276324,0.07074319939996583,0.04476045330946359,0.11377982924471212,0.04944071765050567,0.057401876692847874,0.031848053852374485,0.2431154869577768
4500810,0.07581890994671038,0.030947395148725163,0.042860069080955694,0.028687033428725892,0.04612526424639226,0.024400006599337408,0.03554180179814733,0.3520939163755879,0.04312047934398057,0.05025673058377809,0.03447789159534844,0.10328619357419247,0.06272105717847633,0.0934678262739686
4500818,0.3927300483604618,0.03892435330178562,0.03049103637849425,0.04892606590216949,0.05693312076315159,0.05347179543199411,0.03711636728619217,0.08997588263927897,0.03367905827899672,0.10632324039135484,0.037505175581808665,0.08606051928279182,0.04589128940888252,0.06783741972532006
4500861,0.31241732681467915,0.05126734273102927,0.0464478411907452,0.04176072828816056,0.04725989438794361,0.052477524586585216,0.04528053391182964,0.18171706909481666,0.057800234305662536,0.04463713060500167,0.04408922881447931,0.06630822431718215,0.051468354854062585,0.052517592577569966
4500969,0.13094944417773316,0.050034893634210036,0.04989452164176116,0.04520425252994077,0.04205241313884215,0.059240358863123385,0.05600849545749032,0.2784926630081509,0.06425810373694071,0.042896389493031296,0.05342068881214408,0.06266819415505523,0.052665669444680034,0.0530039234610923
5000517,0.21000950143272515,0.023963699865428057,0.021538231867582813,0.035569860783007425,0.04344613966259482,0.02327238054623357,0.023484677425951568,0.1673462608319021,0.03037347151767935,0.0729829215919266,0.03036101594013295,0.07764534261939351,0.03814691284765145,0.16987841324155994
5000526,0.4075864471776504,0.04960817481184887,0.04823448872838128,0.04968891361278858,0.06521001452837011,0.05222604511432875,0.055853423528644516,0.09894049963415212,0.0534682804915599,0.05246948258220576,0.05348293020280652,0.053972867832111165,0.046290001124697715,0.08108210765061255
5000539,0.3992143045841169,0.032717803156126164,0.03595553523441688,0.04627645236113959,0.04679516031769456,0.048446235909060685,0.033986679948833934,0.10080139088603864,0.04422112176720723,0.05865580148661356,0.034665286140496486,0.0629381147885382,0.0547510798203503,0.16262917232942858
5000574,0.2707561661105421,0.053098539848432526,0.053583883107771964,0.04886662992519808,0.061547272095655824,0.051247195629169774,0.0449929746179122,0.05717300390811821,0.0531975823237019,0.06264506218273089,0.046418928096226116,0.05210232120932168,0.053683838426581185,0.28895274666121923
5000576,0.1656643638559576,0.029938054638266758,0.035257858272554614,0.026793867352689103,0.05887062291983085,0.03592975272372916,0.02742973865968206,0.13344405363369025,0.0434536234222526,0.11289663386704085,0.03358792297929618,0.10280787927179008,0.05234319700323646,0.21285421616328795
5000582,0.25122643074060513,0.04710744619684533,0.0559793009703609,0.05185790600928775,0.05361351665263068,0.0616361869376069,0.05100695434075271,0.06489193636584319,0.04827234070206067,0.06857921585899714,0.042862857853788495,0.0568935600683705,0.057727883141125966,0.3168693862950473
5000585,0.2038500019850241,0.03330435635272636,0.043280752705467884,0.02727024463955028,0.03688067478818734,0.03308486617649891,0.06174207910332573,0.1958018303553242,0.03980927249557168,0.053623925524387515,0.04291474346740543,0.06502035905750317,0.03748103276111474,0.11551793477983932
5000593,0.12159598707210265,0.026655631230766492,0.028184397346930932,0.03025613495521969,0.048147662271356695,0.03901861281445538,0.021856952223263903,0.04973394731034531,0.03996715857604092,0.12025647360042672,0.039943808173725295,0.04888308444694802,0.05204823349218548,0.26625307247672314
5000598,0.08007579706988795,0.02324428697462572,0.036583421735285136,0.036034070194651185,0.04092647115030181,0.02466103857466907,0.02858030531000167,0.05810006710286213,0.029184701623257956,0.11636775953233985,0.03829655651152531,0.04608965333330699,0.04887996960602203,0.3226891758294299
5000601,0.0896007433048194,0.03338695202356918,0.03581117524470172,0.03313215507052294,0.044527232534949016,0.033271780231615734,0.024398616609285727,0.038823582353392616,0.038617796753118654,0.0721507671742152,0.043468435024446334,0.03671133486965435,0.040108959566291874,0.3807637725919691
5000606,0.07915768607662088,0.022049692451173702,0.027265721648089318,0.032030869004247745,0.041202345245157736,0.021666529882762426,0.015268267189221025,0.06539826317812931,0.034684074682096215,0.1190515876446074,0.03877513116937652,0.055963765926947066,0.0443838353298621,0.3510776131156716
5000612,0.1475694287266493,0.0360941210469974,0.03661372490976435,0.02985445444229456,0.07869831040809748,0.04024437298380632,0.041916624143517024,0.2999111861853754,0.06417889676039483,0.04656224243431118,0.03948021453306535,0.07323513699662076,0.041073161648362506,0.04085587764315314
5000613,0.15589393565569895,0.038926859323582384,0.0405496401418796,0.033442182688854176,0.08707429293153437,0.03844171770118058,0.03993544909158653,0.3142789129001268,0.07478184108856754,0.04638492216881904,0.044243839199431916,0.07327086512323562,0.04573391874290282,0.046228236637653616
5000617,0.06904368447618303,0.035456296244146215,0.03650224745039138,0.03708837674762987,0.055233964158819066,0.04413521800310362,0.034085522091380015,0.05164223299014574,0.0469291758042719,0.06681517940734708,0.04636434037847625,0.04773050321482565,0.050696050410667125,0.4344955965828737
5000627,0.3557650932208936,0.03764614705103402,0.03635877984098993,0.035571908267822736,0.04559445557735017,0.052064075406706566,0.052214599020581516,0.10673637161220016,0.044535735878710285,0.04280107786404681,0.04787077285331532,0.04739635885011865,0.04691126474718412,0.13459917264299187
5000628,0.16251456658691632,0.024279438545758144,0.031245652181854332,0.03888795755711779,0.03613388773500022,0.03064091384492237,0.018796356709633515,0.05653675284782754,0.03587442057081591,0.11202488916222282,0.04391531746736473,0.05054330685760496,0.02790723025075139,0.22878616706857166
5000632,0.33549754813563865,0.037036574791292236,0.04332631602945268,0.04537073749931594,0.04861860664202024,0.036120302803285716,0.035885912860075635,0.13776775626275825,0.05132749921493016,0.05388902434731059,0.058469678743415375,0.07025830778117066,0.05312171912388619,0.13159237254583495
5000654,0.20290003279190294,0.02330836142670512,0.03688009409203187,0.031208821159909025,0.049075405906895686,0.03463809462783896,0.024986317817114054,0.2410653969788044,0.05121827790920948,0.047912250915678065,0.021380092203790158,0.08292198098523093,0.04497952977148138,0.10939520057327563
5000656,0.3414477873221157,0.0365518215573951,0.029481932623720727,0.04362873337308086,0.041792862184196096,0.03789285327524845,0.032348029599473034,0.11720539827456107,0.03890596410129935,0.04819762349643581,0.03253619062522678,0.05578388940016184,0.03302900807450629,0.1462275189143107
5000731,0.2347800572019544,0.03210720012774669,0.035719971012248566,0.03837172537018376,0.04912805799073365,0.04278347336930098,0.028677294048978612,0.10196192252702543,0.034996900173211484,0.07873969368661214,0.04261291679493971,0.07867756194272997,0.0407436407519685,0.21725393278144675
5000744,0.4936178042260568,0.06981266840013531,0.06828061872227817,0.06875528915242303,0.0681621586017795,0.06559289443394235,0.0723988468641664,0.07474066799413172,0.07477232261262205,0.07581115075418572,0.06345126854049102,0.07142907306645882,0.07425699243110702,0.13352605169502066
5100546,0.3793002019696648,0.032846131897617814,0.03093791709160589,0.03328037461800161,0.05661706675145237,0.0443007132017543,0.03175885627822659,0.11616601588757598,0.033533098886680955,0.05893373738888976,0.03954475563350418,0.06720354256563235,0.0385185308864618,0.113214023913027
5100585,0.09724460337589873,0.048812416167770614,0.06195510989649259,0.052263632548281036,0.3808677431496557,0.060242287032761084,0.06171185618288176,0.1721762701118635,0.08076930431845385,0.07864661618784416,0.058611474662458765,0.0686911856264564,0.06266943475901836,0.06081686074607043
5100594,0.3657237974160703,0.036085273946263784,0.03820756020978318,0.050217296559008785,0.05723254090606101,0.045818375239049317,0.04357298569963551,0.10160284245591653,0.03575964853736755,0.061405713208252014,0.03633336633416213,0.07281805274652306,0.04057393584890373,0.1082202792540364
5100629,0.6511432925765955,0.07365745198794779,0.07984426785500309,0.07461273840967046,0.07213478585198997,0.08409163909351776,0.08015848476789902,0.07544991147606693,0.07924758460948889,0.07276534033197862,0.07486389535785916,0.0730543718103914,0.07394099980809601,0.07766116418731217
5100660,0.5143290765264499,0.062208846864541034,0.0632362678671734,0.06483542015111735,0.06385749576948929,0.0618044929286574,0.05957368708953958,0.0634293076253806,0.06209010605886006,0.06459477292782964,0.06371509446544353,0.06114130259111845,0.06486747013534877,0.06633919593590551
5100686,0.4252170106687764,0.04591795186386646,0.0490041722345407,0.05450939154325267,0.09287128018233336,0.05131972423378202,0.05778503821313559,0.10083018869305048,0.048681662126264826,0.07356075493443331,0.050557912879571384,0.053496319997948065,0.05929673716314576,0.08585723286701498
5100699,0.486215860873225,0.0600402053441745,0.06059757572655392,0.0600866694675589,0.07717344912012833,0.0605944214524309,0.07124361458655327,0.06691202838545306,0.07653610347665518,0.06824034581453056,0.05908893546240275,0.06069259071598181,0.06920623614798213,0.1510368082601073
5100700,0.4652179678212374,0.035267303969390436,0.027803685297554004,0.02149372197452726,0.02714521883490937,0.041145671022534525,0.03260006025488806,0.07010611132505007,0.032795171149790865,0.030618452520275983,0.031425998377625115,0.04455365020089527,0.03331806271160038,0.05897896571705536
5100763,0.20781537515472406,0.034821449693821616,0.040024550528906584,0.04425781734351605,0.10573782684103927,0.02952709573367328,0.034228318783959835,0.23962964144888085,0.041287378124471405,0.06527994880185281,0.055062593954302484,0.08457157165754145,0.0500851197937124,0.09677461789658827
5100788,0.08393067588585146,0.03137942326857943,0.03646473721226949,0.02771327915555269,0.04643025597485111,0.019930823624975957,0.024517091482033425,0.2841892405356745,0.031157686664247494,0.07761665856435049,0.030000396792928492,0.11160909138177423,0.05144093315681954,0.14523489893613548
5100810,0.1379843657631769,0.01895094882994578,0.02708076293583433,0.03014423055906617,0.050564667959400816,0.025179673365943636,0.01467897068953275,0.09284702668790693,0.036628349427709074,0.09856064367316043,0.023481543422720897,0.06555178495208862,0.041656963757442135,0.30063264477470303
5100826,-22223147282.18847,-51782559903.64995,74434409716.10686,-29666588253.816086,-140675149032.75308,-66669441846.8243,-37110029225.384026,7443440971.720437,-155562030976.01215,-81663499422.50513,81877850687.69998,-81556323790.01422,-51889735536.068436,-37110029225.44323
5100829,0.7442951750321308,0.06264044651069631,0.06528471079389021,0.06226453317576226,0.05993663525470035,0.0591069088568753,0.06062842888918377,0.05920708682612773,0.06498973672044403,0.06090626743268535,0.05841086840516248,0.060596942409699525,0.060249458581582836,0.06118565742851166
5100831,0.2402090041690254,0.022226843021511632,0.02866200747289118,0.020557522521808917,0.11326147625971687,0.029321461008362318,0.03845872881203875,0.13419641622892806,0.04239362476755445,0.05520682442438324,0.03448323931202238,0.061509851435203475,0.04682416941284455,0.16949002206571456
5100848,0.11422294269905542,0.0285567591769568,0.04518151905156933,0.025836412287333483,0.04377488144135648,0.04181609469859327,0.026646205950082626,0.20182609686316733,0.03463627563061991,0.07227514889709821,0.01779004144618012,0.0769876302795486,0.06277823213607578,0.04225324193031384
5100858,0.11969778513627558,0.01901363089217177,0.024304084943640742,0.02780759158808951,0.045265920388965535,0.021403740902626943,0.01935277413893506,0.07368324580555219,0.03437284663971392,0.10437699815276327,0.035679612027667486,0.06306012285123044,0.04151891141659665,0.3370092934705
5100876,0.1854517749665316,0.06752215071610865,0.06841782503858754,0.0637211859008384,0.0791537663016489,0.11957031930310645,0.09136035469811153,0.1301620831977943,0.0650314254457,0.10523029812482412,0.06659033798630526,0.09605893497978328,0.07745577359365997,0.15505916094425226
5100883,0.2854652303989126,0.2655691619843623,0.2667240224798416,0.26763605187127204,0.2653739921754717,0.2642165896846168,0.26367434041644594,0.2408688308493749,0.26276766190699363,0.26627961434248776,0.2687510491533905,0.2632858945069215,0.266479981440713,0.2692061614762625
5100893,0.16805902817535082,0.07781678024252686,0.06664660992806994,0.06409009762173261,0.08173520170306019,0.07236262051224042,0.0921090823882725,0.14892665369354105,0.06939354187183869,0.09059737186762304,0.06258810850361365,0.0979384968875585,0.06950397321921957,0.2098011916950292
5100924,0.0669297765265227,0.07438773479265183,0.07009322770472305,0.06911645126013524,0.07725914217156267,0.07679007912166594,0.07922880252294395,0.1120549290927144,0.08232453478731107,0.15811127834688626,0.0778813474227836,0.10625449947333568,0.0821320303915947,0.253090901434346
5100934,0.11704261356957915,0.05652593470872454,0.06323555894060752,0.0547785464473082,0.07156938125972483,0.058330330507171735,0.07646872523978153,0.11966668288932455,0.06379316623096304,0.10453021472916413,0.06808672233375089,0.08731613893358534,0.07011484113245339,0.26716225046236863
5100939,0.2512508214654461,0.2491489112056576,0.2526685020552666,0.24906457043642774,0.24935174141138305,0.2494768279227203,0.2498042707045265,0.2307784437365389,0.24827206087533554,0.2500100657188888,0.2495824902135745,0.25045256312976416,0.25278668525361203,0.24209505573910645
5100941,0.10309230224721347,0.06316046855284231,0.057780638203421726,0.057329503673119585,0.07101339150747751,0.06465676894756607,0.07244839822514806,0.07155162969854552,0.07246473793230188,0.100495101573484,0.0728887448373323,0.07192476023741044,0.05923725082670949,0.2915246760047058
5100948,0.4202938449088197,0.09500000178535394,0.09515606945509528,0.09374350991609337,0.0998650230814268,0.08882516500228273,0.09231220884416914,0.09532416456634844,0.09424696702276232,0.0965423938302017,0.09669684492266292,0.1087918059933171,0.08723861013523655,0.10450962837644746
5101148,0.18063775826920794,0.15348043336561465,0.1515905965343058,0.15598771135156916,0.1597749880832821,0.14981029179467084,0.15916202623439746,0.2531739872326793,0.15485024198010974,0.15642901473906284,0.1528197328710585,0.1529941468976904,0.15270184272780313,0.15063016031685705
5101149,0.27442538676787537,0.12330619697378868,0.1203616739018923,0.12498325704406535,0.1311413264694547,0.12265854106898448,0.12552674399018096,0.20031339087047467,0.1272577030634202,0.11906171230203624,0.12518838701420254,0.1304905788917859,0.12076335896050187,0.12245581727441406
5103709,0.0,0.0,0.0,0.0,0.0,0.0,0.0,0.0,0.0,0.0,0.0,0.0,0.0,0.0
5104055,0.0,0.0,0.0,0.0,0.0,0.0,0.0,0.0,0.0,0.0,0.0,0.0,0.0,0.0
5104634,0.056461309438142884,0.052424821799975534,0.4250970480209146,0.05236875893906903,0.05754076735101633,0.054001353256295834,0.06928264647084634,0.05863561803430833,0.049179610700845776,0.08071782230492411,0.05901108991933132,0.0589151904682312,0.0628725946180113,0.07252627470673481
5104655,0.05616966595658855,0.049255529427855285,0.3667958599241024,0.04828558714728901,0.05399886122391005,0.050779079935941634,0.0488427609807925,0.05230895703020587,0.04656992204884815,0.0697468097831411,0.054775052562029816,0.05225871415886255,0.060460684521541214,0.10063106190793536
5200559,0.15849831451329172,0.15298600073588564,0.15122728382932554,0.15146180391762554,0.15640580397278775,0.1530083182676339,0.15146622067378884,0.1885788800753884,0.15399862619584273,0.15939649136274753,0.15168124922212187,0.15830117344885447,0.1572709573147705,0.1942031766335866
5200572,0.2762047905842314,0.28564940903027985,0.2829421808162327,0.2843343850999659,0.2822797449294898,0.2817714180550573,0.2849433372495061,0.2522814207934232,0.2805429163861234,0.28404593335856404,0.278761628155125,0.27679669990421196,0.2819001192482869,0.28593534120731123
5200658,0.2641268761576195,0.1068583093182579,0.10317562343910233,0.10229847160655517,0.11318512312655198,0.10796140211316728,0.11061217734189337,0.16279604193767944,0.1097042575425836,0.12061170452297595,0.10236335228063018,0.11742673206652532,0.10729582784594173,0.16318588927543115
5300621,0.44925839247628135,0.0886171417587666,0.08137146492938628,0.08733895915867734,0.09238989850195893,0.0911046161410504,0.0796307738911507,0.0907845629419116,0.08883588540470043,0.09493991527489727,0.08192455162222244,0.08965359868488232,0.07885481111808594,0.12089015238935001
5300632,0.16266917010094106,0.16182144339560267,0.15638952133133482,0.15913521615411858,0.1593118865180822,0.1576354230307983,0.15845896777439628,0.16984700656692825,0.1577628397031642,0.1783268777275601,0.15863670233307234,0.16269220259677986,0.16059582508732997,0.20543408430715746
5300657,0.162490173389349,0.07209348684760439,0.07183499907102224,0.07376175764713727,0.08009020967224645,0.07416852838705543,0.07778885014792747,0.1598855323124047,0.07567875008803156,0.09523300301733703,0.07253243937520958,0.09851585278021066,0.0845339106881626,0.08726749605807607
5300678,0.16806710789526605,0.16082997372071745,0.16139916599013954,0.16312357545486886,0.1644697338016179,0.16405201863114813,0.16385364991449486,0.18515461758762194,0.16004609244050938,0.16851906515095727,0.16374054519906628,0.1658606359348795,0.16317509798587787,0.15802562515213325
5300780,0.1952913631415772,0.1826807384269315,0.18076389300466628,0.1848789121554981,0.1867688559949184,0.1844885871467564,0.1827354598415318,0.19308943008809404,0.18152446866781935,0.19036986273274376,0.1819158037378739,0.18747523268374655,0.1853946933049994,0.18607786571447046
5300783,0.2443202213449688,0.14887081189380802,0.15204216298868212,0.15549143235172175,0.15927523489308734,0.15038389589005866,0.14804179360583486,0.1546715769819746,0.15350873831324954,0.15291423398289186,0.1548839263093074,0.15016100413114006,0.1467859756552041,0.15920082834933416
5300800,0.2717863802606839,0.27206350257364115,0.2719519635937611,0.2723555491400858,0.27096201916121554,0.2702981760644185,0.27199352281312683,0.2710244523282511,0.27089425619153384,0.2713365465307799,0.2704894864871491,0.27166136246103856,0.27244782644056803,0.2709060351929773
5300883,0.0,0.0,0.0,0.0,0.0,0.0,0.0,0.0,0.0,0.0,0.0,0.0,0.0,0.0
5301082,0.5031661158484121,0.10038327590908597,0.09317970285314706,0.09094948387187488,0.09237472896100243,0.0933284909979452,0.09437693916950028,0.09966398615106586,0.09353957278805784,0.09293176096812036,0.0909102782042414,0.10471973289419943,0.0901782885798657,0.10395736114122378
7000521,0.07549009625180955,0.05800453024072792,0.055453961188733115,0.05334144060244783,0.07520557020836602,0.060042200602350035,0.0653603346117847,0.127857279013924,0.06207071815114607,0.10941156496303177,0.06191425196503074,0.0944532591166882,0.07159488924240984,0.20374694794584136
7000530,0.2270439607738575,0.07371875374404299,0.07334216228846742,0.06573204410698008,0.08695480696174247,0.06530572291166382,0.07206156643768771,0.10811048759904487,0.07553279226947314,0.10585849909507572,0.0699696041918666,0.09360188741618117,0.07016057124303447,0.1940294301699612
7000550,0.18242588490015604,0.06676483320100833,0.06355774884596474,0.06192425944253278,0.08096929916891217,0.059674555296726876,0.06836085268962512,0.1032745884693993,0.07274483478755528,0.1317360379625358,0.0650637103193074,0.10054620011869872,0.06988938409233385,0.19050067143054772
7000571,0.2189406271638837,0.0675250920363678,0.0676963413446957,0.06372262661076589,0.07651098656390491,0.06270560776789524,0.06876912957024964,0.08846797212465429,0.06937341443530197,0.13299498918913144,0.06783644811779221,0.10158134559306813,0.06642808407078395,0.15771972379022953
7000580,0.2258737736022253,0.06648784271156036,0.0634068198027303,0.061571141085176376,0.08617716705816543,0.060244644930657565,0.06549875540875724,0.1104395174302207,0.07285907725809503,0.11986440532440977,0.06365795216977847,0.10638214308589998,0.07019230478454175,0.15021917820518668
7000584,0.2472999909002926,0.07919887248510449,0.06653447008722152,0.061038597192505616,0.07705412529699432,0.06577473219258431,0.07718129457424126,0.12441031830858093,0.07841442581763615,0.08392851728509679,0.058836919759165524,0.086037258655904,0.0646140094957263,0.14694651604371922
7000596,0.25876656580139745,0.08386938534597195,0.07685167723683367,0.07868202140330041,0.09471537814447788,0.07184635605097796,0.07880913396246783,0.10926552753690526,0.08401305044120025,0.1073591262965325,0.07689408395003637,0.09923546711575616,0.07578642910424703,0.1898988918574148
7200514,0.1869658919188047,0.07129903458493331,0.06810532423642157,0.06307483079251783,0.07958713631426476,0.07478099457078956,0.07824003040639146,0.11911659209427132,0.07727778310061764,0.1349178429288304,0.06632612568973803,0.12006920232401505,0.07349952854634173,0.13178390916380994
7200533,0.16325958304986793,0.057082208517040926,0.05198479642948715,0.05781389181772473,0.06537701738277532,0.05553744893040846,0.061359254633500136,0.11122118712575384,0.059581302227015076,0.12810534816978816,0.05539073892193023,0.10483016222174524,0.07053346199609481,0.07177176963636497
7200557,0.2270013721414676,0.07685036281884107,0.07121442066201421,0.0655776957051984,0.08714157280513833,0.07523136748576367,0.07834112415869629,0.11568147140927927,0.081309084174287,0.12719797391109516,0.07428949595987444,0.1195248873246662,0.07721701881917689,0.14596957371024594
7200558,0.12965003736839398,0.060212797902879235,0.0477771052028365,0.061050045427421526,0.05636295656081045,0.06218918537214546,0.07784759772688404,0.14425944293517656,0.05083857359422419,0.1091792040789286,0.06586963722208353,0.10647607322804656,0.06899860556387337,0.12226576669757908
7200574,0.192680025349744,0.057630871072050616,0.05506037888670329,0.05876472128192825,0.0673689063537195,0.06420407932691694,0.06620698781293191,0.09488849576117832,0.061130348162224776,0.13997110148166308,0.057812367853257524,0.10132852214440123,0.0675620668920721,0.08002547099805189
7200580,0.17943883828142476,0.06586887317184491,0.054196299301056926,0.05923467681123746,0.07081204824022144,0.06397759042485192,0.07230248300412281,0.1256850607426246,0.06498040415232394,0.13005182758107078,0.0572246262161205,0.11983609415820097,0.0689608201875742,0.07272908947202147
7200607,0.18032953270525315,0.1218611070884354,0.1193284342607718,0.11940430439999858,0.1269282705361728,0.12238507331510648,0.12521686520567404,0.14660321019484612,0.12001892741361278,0.15436298293652265,0.12011072367800582,0.13298075775633753,0.12547154726876927,0.13922444537670425
7200616,0.1821903955750412,0.06500846261334353,0.05751998335243937,0.06350343949444795,0.07596311832252704,0.07271882041514288,0.07201048126846192,0.14227006492902056,0.07056868350789293,0.13048597309974866,0.060468011720888615,0.1279853594075518,0.0817098643999438,0.09107764467505257
7200628,0.14074260181169415,0.07306217842118032,0.0663230890729175,0.06458348092603035,0.08265688201388502,0.07473161329383886,0.08807364308528667,0.17089392205918855,0.06996574859830486,0.12108621590425643,0.06259150166321853,0.12322116099469398,0.07575483904886401,0.11336054064907596
7200643,0.1347758302559892,0.06275590789194578,0.05089322989752695,0.059616699932970287,0.06528415969862836,0.05995082506399185,0.055864248396012325,0.13023323850050256,0.05802374608942856,0.133498842453965,0.051550415289586704,0.10260723071706193,0.07256793677847445,0.062181280392483225
7200645,0.7928253627821829,0.15987804700201105,0.15764421062563067,0.15899542312725806,0.15949906137685976,0.15759704340637096,0.15909926103040212,0.15637092836108624,0.15696967023857394,0.1575330921436382,0.16172244575191005,0.15861871614095896,0.157311976679042,0.15819474057117733
7200649,0.1326179677296472,0.07063737657915625,0.06653309648958787,0.06377426085314111,0.07994068092543437,0.07303160298224386,0.08455696166600092,0.15243329059098548,0.07065745233180122,0.1187182770889271,0.062323586660110036,0.1101072616665439,0.0812593757461452,0.12859326744834962
7200652,0.2782781076303026,0.07666855426956172,0.06794149318914662,0.07469049901232598,0.0759561852151929,0.06814721835196849,0.07165865979423629,0.1302850524426729,0.07397994395090572,0.10735958665392258,0.06361525630466087,0.1152542947451389,0.08193747070762537,0.06756325974329896
7200703,0.3442169480003742,0.08441848200750138,0.07372864708649708,0.08120192849114899,0.08478154425271832,0.0720916679218532,0.07515388582918006,0.10205282222834493,0.07796255761858313,0.10846969557394652,0.06868069008828033,0.10429482661785952,0.08135799777078037,0.0831624742612818
7200721,0.2557182377639458,0.08166459977861479,0.07888432314127394,0.07251421548420707,0.08992875963186474,0.07618392969694562,0.07991197194249247,0.10557688750127243,0.08232143695782276,0.12312936103425827,0.07907169780482451,0.11411532786169967,0.07767487380438996,0.12847830652584075
7200729,0.17588689936337198,0.07163140021256095,0.0675011854013756,0.0657061616412519,0.08034044184295577,0.07415956029837238,0.08130015722270559,0.14148019939676432,0.07662267442248387,0.1293211026996103,0.06842144370599305,0.11784565034253787,0.07942518145448914,0.12094708820222096
7200731,0.20213298416706213,0.0805405541436108,0.07597646614146916,0.07271121566377182,0.08759755172200538,0.07937172463127727,0.08461058598246529,0.12257798114568585,0.08122087072326238,0.13686377915691825,0.07610286914735895,0.122111841271695,0.079062123797879,0.13768636960447586
7200744,0.2613852325992728,0.06958714741802953,0.06285476485209206,0.06277588843579789,0.07240232807038463,0.059180407227091336,0.06807436454866682,0.1561064507953928,0.06954999125626887,0.08397235277051608,0.05349183310044316,0.10584747991667603,0.07434225043460208,0.07009667353332777
7200784,0.13316478003463553,0.05547689666216053,0.04959788211880408,0.043886546364303364,0.0573698784615852,0.05986611654327685,0.06776147384385804,0.12002563802380024,0.06165313380725599,0.09603054600008934,0.050920683176066295,0.08624353275967596,0.05639750137932655,0.10108833300746496
7200799,0.09341564728180747,0.0303976644429832,0.0297080297866282,0.02539971679844229,0.05623174671488276,0.03538389899836224,0.03835461171520431,0.19230165999185544,0.043715426573843766,0.1650528466136502,0.028446999134798968,0.13275764341630708,0.0545383591807034,0.07891297465648181
7200813,0.06046457704588424,0.04116631388577352,0.02716727795338989,0.03095903801877193,0.02788527155393073,0.22015389454693085,0.02744807665019033,0.1972731690628097,0.061215767368953664,0.03598008686316178,0.03644879845444426,0.04128268513746782,0.04685526199630359,0.04879691479809065
7200818,0.200137250323228,0.042665020958867185,0.04946977362563396,0.046454943716942664,0.06382251125569306,0.03713101512993459,0.04844050986033785,0.15577621270010608,0.04649262815617848,0.0908247263398615,0.04385371959055849,0.11923295630507545,0.04284112910293699,0.14353801778236056
7200821,0.2608901329983836,0.03367087295003331,0.03719828186824205,0.043641026304374025,0.05749759999266029,0.04150454509781182,0.03742781260588382,0.08241177485364833,0.03336604474956658,0.11763110826891872,0.05442728433228326,0.08797408325020678,0.04460413588350882,0.12530598873964532
7200823,0.16134209282545142,0.03210053657176655,0.03732474912524409,0.03770093378146668,0.0610689780796005,0.047460406680327125,0.05245501591706005,0.15005972486885566,0.04528376666118241,0.15026383492890658,0.031081078402097305,0.1278295918391807,0.048877735939221366,0.09915800011326104
7200831,0.06767298541910123,0.025786626456979787,0.014140990095324716,0.012965461630255536,0.03480294434097418,0.02466238750328983,0.030825861534736362,0.18876666255175573,0.03229809906556566,0.11331501696792193,0.03115362056633505,0.1098886267493641,0.07188352219114721,0.22120887582019688
7200870,0.2359341233045134,0.03460425157392349,0.03825411503286948,0.03723785743810349,0.07178313076370155,0.04584629993678591,0.030680648499951613,0.11444817199449735,0.04742219312119604,0.1424864948815518,0.033193086189557,0.10705773709363116,0.052148880653932514,0.1064600380323372
7200911,0.2294630645058651,0.027549578623295056,0.033873745686282826,0.02833918480246762,0.04997940486192197,0.04512641755469767,0.05022989116979466,0.08785191807274803,0.02806214014398698,0.11984104856264775,0.03487548089111485,0.07998066771689714,0.04354929177356866,0.12487686113660115
7200933,0.40523475953850185,0.04130200868533596,0.03809559994722785,0.047381748213248975,0.05603512894812901,0.03984358886655125,0.03919311224347555,0.08461235001958198,0.0464481289003888,0.06172727020405475,0.03725856656574957,0.06771210843537609,0.04427135357963852,0.06167776130376585
7200938,0.21844435086447828,0.033713581201024016,0.028513713883783574,0.03107792482771978,0.06538905067301783,0.04382463385319714,0.02977764119041142,0.10437584180476107,0.03760689924907619,0.16135876315302686,0.03669280173622397,0.10596270288130384,0.05621367324096778,0.09136050911705433
7201233,0.24942470570263656,0.03948962304230609,0.03771893942321065,0.04851267595212698,0.062489999647110175,0.0374078825501442,0.033229604327878214,0.16181644758950328,0.035235931717879636,0.10174694250440657,0.03712817560214637,0.12486621477547465,0.04912796844248163,0.10627135531166954
7201574,0.0,0.0,0.0,0.0,0.0,0.0,0.0,0.0,0.0,0.0,0.0,0.0,0.0,0.0
7202003,0.08837248785041682,0.05306271660196653,0.05795843359776366,0.05700419612458792,0.06504095920861919,0.3533561269210924,0.08054072565237763,0.1215984202122317,0.06063495297590338,0.058479212236976615,0.05629779746406504,0.0632088744920742,0.05570664153295583,0.052227261792475214
36_ADC017,0.19405806335874284,0.0498954800907214,0.04657527689828561,0.03867395785550869,0.126712185234554,0.03680069200845053,0.038005055117677,0.1618969809955691,0.06644730184578104,0.042001012699930236,0.052473024199780095,0.044730486057916005,0.03403948292010765,0.054381524805598325
36_ADC018,0.1641517331016704,0.04845724545167068,0.04552158832680949,0.04633464527400564,0.09094750777376856,0.047436946577436835,0.046773155533595866,0.17335081730785912,0.08017818752558845,0.04411541877757154,0.05587469487245274,0.04483659551697671,0.04748436736817459,0.06431582610989607
36_ADC019,0.10852143189739116,0.06213365718455529,0.056804384183571935,0.05974156123937804,0.3068322013688269,0.046772816947229685,0.0698548478447264,0.14544782535841005,0.07460424978528156,0.05371416443969081,0.06855624753858383,0.06304639336512417,0.06280706367462915,0.07237051889488981
3600649_D,0.06739972289461743,0.02632890248597592,0.04338972224846845,0.043969871160337695,0.04640110107016415,0.03512594864566456,0.01964141535856003,0.06249949382668875,0.03479921748917562,0.10395310292072447,0.04377865542705613,0.05470012311323661,0.050777474206424235,0.4142957021116272
3600662_D,0.13449176455503534,0.04047481975266887,0.04333544146748965,0.037873683586603146,0.12689203168255442,0.04567576191236343,0.04717056153898806,0.2806411285989571,0.07116959268168994,0.052847245766891635,0.05303934273103293,0.07382005372263065,0.058427135326510914,0.06490431606152516
3600776_D,0.14183802077481672,0.026212515266205903,0.02804652698091205,0.028154430976768362,0.0906234126489501,0.07119860235376957,0.03815396432373512,0.20671246686735706,0.020835490666734145,0.08660672216086354,0.02740301212336171,0.10234316310163574,0.0436565663235594,0.09002697477144153
3600868_D,0.04668074425779375,0.022714490031476457,0.020455784218085044,0.017201977295256868,0.028956030864221688,0.04945184111309698,0.0243058021857816,0.19752787068893365,0.027104434533154517,0.14006610079175758,0.019968160163176225,0.09739922951589493,0.05879155588678583,0.04003633223290205
37_ADC029,0.12391308867020732,0.03606019501209342,0.03294765580153888,0.03174607382059404,0.09235805131280599,0.039350838213372895,0.034961399900559714,0.2648836746445141,0.08649887640907422,0.03739136330182884,0.0582399786654076,0.05034845331513016,0.03835553678005935,0.03348169510590785
37_ADC030,0.10872944885540296,0.04675932166495297,0.03866547255055856,0.040085566879872865,0.13344902805053208,0.04533340966420943,0.03816948928031077,0.2268726276756948,0.09466066583081888,0.04664648111374807,0.05942939369735418,0.04617006939293946,0.04761406685318904,0.060161285362844825
37_ADC031,0.11677242345527936,0.0579102174995853,0.06068257139903166,0.06323130523798362,0.6101756923410441,0.06052978293550484,0.06419888519972064,0.15430398015820082,0.07688601514994456,0.06823498233647138,0.07078599809657905,0.06058975446917475,0.05724949936356176,0.0627959557898026
38_ADC033,0.17939011149408435,0.08424123355714434,0.08847086739223184,0.08428232683957765,0.09243508389980204,0.09329163014931972,0.08285991262216813,0.15883644142096193,0.06706294692460904,0.07844986809726892,0.08523471175995195,0.07898828584630033,0.06852781455162671,0.10496391818685033
38_ADC034,0.12099852963176268,0.04890970893257239,0.04396657416879523,0.05597386627684555,0.038431009478631116,0.051052180105521774,0.039545229892712926,0.2227829805930024,0.052680708628420884,0.05328951154033002,0.04568565110114158,0.06477861326769654,0.057172924326043185,0.09719383621103526
38_ADC035,0.4155630065776689,0.06707787906823083,0.061954650927547913,0.05866911630816388,0.06673889479669326,0.0682667532161518,0.06837958381875088,0.11543440312694422,0.07212220100470951,0.06753272619501956,0.06272339255820394,0.07135513795768837,0.06356044828713582,0.06481314135351382
38_ADC036,0.28425995702358925,0.04130222898800367,0.040705047685441566,0.03904311080030863,0.04536579494016086,0.055857623371137435,0.048356129794142125,0.21008869583719625,0.05635156788401523,0.04395602888318585,0.04438543986320016,0.06399468690254098,0.04773873429936226,0.04362478263971234
38_ADC037,0.5129213305336445,0.06273730109659577,0.07316714049697019,0.0526343660190732,0.06164913692452804,0.06515068229837155,0.07030780891948142,0.10116668689627953,0.0717928665104728,0.060118251268793416,0.05931917985653482,0.06396422278809925,0.06623515211998084,0.0592469862287216
38_ADC038,0.21493612808775334,0.03023478262134385,0.0405545441572736,0.029207051228802287,0.04856018887904151,0.04600028413689517,0.04781501075962368,0.2087437516136902,0.06328783407393104,0.040596937516637496,0.04991483392459916,0.05504374836969765,0.04182924805972561,0.071985299109125
38_ADC039,0.21880638600680172,0.03161478486627523,0.031456797873142366,0.030545039739272237,0.03147883272958567,0.03706615596370258,0.05015082174076134,0.2216902409846392,0.05237184287940562,0.04144630353288905,0.03934248347380583,0.05596468562195378,0.03311530890727108,0.041873189082831504
38_ADC040,0.15887356285164975,0.0809838582103144,0.0699498114700581,0.07996535784842877,0.05905026673186351,0.07269790933499723,0.07343626323396979,0.2386857191358814,0.11083973701059073,0.06645878836994462,0.0694658658189741,0.07982803933763595,0.06301440698228555,0.08650274792081111
3800880_D,0.2399649617289553,0.028229162558188543,0.033124605394242335,0.03827229770770053,0.06058949608607399,0.03714962771493141,0.029730972491020163,0.07292435918745023,0.037740495921551334,0.08955525022694963,0.0420686105129186,0.07102231978509843,0.0387665834944433,0.20508939124476014
3801096_D,0.15197938387812351,0.02890871392609449,0.03350284306175015,0.031906324815343,0.03859081388602652,0.016014076716643476,0.022371706507184282,0.19765036515395645,0.019931783974540245,0.09487521448839646,0.03680240752614995,0.06974383734353247,0.0521324665278512,0.083537764311098
3804625SU,0.048095498985751016,0.04287013068608244,0.2713461112445931,0.04577846634207368,0.04140568744670053,0.0437323891746181,0.039399983220353714,0.0463177660878406,0.04813393627118053,0.08618792563067021,0.04843282219807972,0.04994929943959954,0.05295356296088589,0.13766263883465354
39_ADC041,0.15882856227784786,0.029052462663746163,0.018859056126817826,0.03316909685763572,0.030274386114660563,0.03489119206829235,0.03119785683476092,0.19513935558131806,0.0286701743354702,0.1249158533408776,0.028590753281482188,0.11516248307226278,0.06110024714017444,0.07907321190904615
39_ADC045,0.0711545958759966,0.1336856901488011,0.08456513583243923,0.14516153987517807,0.06744098481024588,0.20661411899059404,0.08124926519490576,0.061120187835382686,0.1282881784854452,0.17392956208108815,0.07049558673982656,0.18452301208736926,0.13149698938735654,0.14964764354356813
3900546_D,0.01184992626383567,0.024070158071388098,-0.002283027354429781,0.013863816006830542,0.038874336205849694,0.026047623923106687,0.03317867716632865,0.15621755819396346,0.031525253255587464,0.13898823073608996,0.019047223409134624,0.10644976196998523,0.07203785542183701,0.18557479741493804
3900563_I,0.4903393072580299,0.04732382052762745,0.0519203007926121,0.05602238546483331,0.04846151616004477,0.050691611286292085,0.049784291479684314,0.05595248014408457,0.05717314522757237,0.06982236316052906,0.05137845516485743,0.052676518189029437,0.051274028494794496,0.11947740064366524
3903505_I,0.4707705089980934,0.043356023426061575,0.05984988931676274,0.047825149402355015,0.044197969468202716,0.044181796024582776,0.043366390393556345,0.06028883404390019,0.04829883518192317,0.057387060610580624,0.03537132727000655,0.04729018278051621,0.04705224500502958,0.07769320091904902
4200541_I,0.035386189932258484,0.019861652799724298,0.029764554557536974,0.02510278371122364,0.033175954375041394,0.030592941689152643,0.03307989473886185,0.2874020535527881,0.02914013446042218,0.13943397907076388,0.026509887386607485,0.13703063075634014,0.06681915638531435,0.058384488169652735
45_ADC042,0.21065613141390446,0.04466207065301247,0.04685532248429127,0.05142291635287444,0.04297304585242995,0.04630977485811207,0.04255242725620294,0.18757238082195368,0.050848763413550525,0.051180028067672065,0.051227483584528916,0.05418943630714405,0.05334887733233323,0.056470993502356175
45_ADC043,0.11303526441589533,0.0991711955827518,0.09003002367543743,0.09151753347419024,0.09926155141378272,0.0983466783371744,0.07735105953833639,0.19730586569345,0.08280929024555705,0.1071757450307104,0.106171311573327,0.102120940753567,0.08862645360597833,0.15015763554577474
45_ADC044,0.07953352961812603,0.032248379105160534,0.04053076077507275,0.0355751169696138,0.055506517412558964,0.09994776517090193,0.03207935074936676,0.1090887960415869,0.04703359924753444,0.046638497031172635,0.046466853372030256,0.05025434052120693,0.03862887487752159,0.1405620529359613
45_ADC046,0.03867920513453968,0.07919404510778902,0.1220332320023934,0.06451156304894372,0.11641689344530573,0.12694553684251642,0.07789909742568027,0.0514450402970581,0.1007416998850589,0.05705506233924727,0.05198842148836404,0.1108909791061945,0.05993145020359617,0.02456197740383594
45_ADC047,0.19123649522510172,0.07475876668633323,0.08004933170905082,0.07173185970469034,0.06919631696785636,0.07234022468131951,0.06783894354960544,0.14444323836783354,0.0719332197134402,0.08117012455238605,0.07860818394812627,0.07052262937558122,0.06973150679631364,0.10610871622390693
45_ADC048,0.03391878995905073,0.05203941819469804,0.10501606922717853,0.037270074796333916,0.0845844660179591,0.2143220117041197,0.04249004935253477,0.0022263002710006486,0.08013783270574905,0.08975821401824495,0.02608335269917465,0.07144781176071645,0.005543748550860572,0.1459835878229801
4500576_D,0.3711637745033938,0.04960691416448869,0.03885953980368414,0.05939883479558385,0.06258410209413022,0.04876589381596735,0.05208009084814469,0.06348796380962045,0.05693374892595689,0.07794938240197594,0.052749661229646284,0.05587755278849897,0.05378990402851953,0.1165385426514218
4500632_D,0.3381372538883183,0.02596038244113137,0.03295190712178005,0.04821412852257117,0.06122973742532707,0.04083848608020543,0.032344430804408436,0.1356449444558538,0.034640374867103335,0.08273474053577445,0.03683404519965336,0.10776459719378864,0.04398837391867618,0.0885516341063908
4500693_D,0.2613890451182217,0.035103849148259536,0.025795940966389246,0.04473586130807298,0.04919548395843836,0.04055991313766658,0.028753574947320438,0.08783391334633872,0.04677234737804064,0.10352280225260277,0.0420082004790943,0.0738234822143846,0.0421607823466748,0.13623849755367218
50_ADC012,0.4370705446131049,0.04670691220245336,0.047056747737240064,0.04943155853912664,0.04584850367092593,0.04030130292669425,0.03927170046388141,0.07771481089528606,0.045491047192090316,0.06858093226109485,0.04196897622874826,0.05200668801624399,0.0495550610985424,0.1238157919989076
50_ADC013,0.4028922301005329,0.05063491026520537,0.05733723926977755,0.06418821769318886,0.05697538527428823,0.05400375258320685,0.05434313533590966,0.07001554194587205,0.061924131960115765,0.07869330507987253,0.05877035408949849,0.06604862200310295,0.07069461714394915,0.19416793130723486
50_ADC014,0.23182760545966025,0.02091628565492769,0.018191800182870758,0.024534790791852785,0.03860209721116311,0.02561452057604796,0.021566799723112852,0.13605257504532808,0.04730344125909992,0.07095924390699446,0.022514435313548502,0.07592437431294292,0.05332966515293007,0.19050142736753373
50_ADC015,0.6173087206744889,0.04443617588412195,0.04073124298795421,0.04074722465369285,0.03970280839728388,0.04131661117525103,0.043212843720380464,0.05986214621496652,0.0481573973922187,0.04408475548873828,0.027198619788946048,0.045997945312887326,0.03429078829477401,0.05237286316456667
50_ADC016,0.2355678523336223,0.024357081790957857,0.03917937429632065,0.020202087173697772,0.034074217624759935,0.02442005373339936,0.1388987174764657,0.1262145533950595,0.04573820709165462,0.021387223471744102,0.03492788591911646,0.047612608031555086,0.02644936561066957,0.09400035811680482
50_ADC020,0.5950132122447575,0.04729388215547035,0.056921244155476614,0.050354483023958285,0.05321948743268114,0.051435162554894415,0.04969948406631233,0.055426439790004924,0.05598927820499304,0.05709319012624374,0.0382836940268436,0.055896204738362036,0.05608231519688498,0.057203978572930726
5000653_D,0.0943374857684906,0.03873721491527747,0.02999212306163736,0.044537800929596666,0.04022950694301615,0.02082848391337044,0.01595327559268231,0.21359956925282975,0.04022003774139706,0.06690665996726859,0.029041727396160164,0.07899064080966202,0.04564740917587709,0.22446798112579272
5000734_D,0.20700657182812807,0.02862689276738097,0.038252610332506855,0.02497378665178641,0.05040910458312188,0.035334113947909015,0.08580295329371483,0.133742128116021,0.030220931392388288,0.04402925481121837,0.04141665445200863,0.06239643181270992,0.04062902579492776,0.2021109651063856
51_ADC001,0.5332961978543238,0.0703278395690704,0.07774818249926314,0.06783191981593216,0.06911941518773013,0.06807385863037074,0.06940150663154683,0.07622375144940431,0.07261121684854133,0.0741012952969337,0.06885463617062486,0.06940333234085733,0.07017257044216123,0.06910497693041931
51_ADC002,0.12049591058582955,0.03495378497099174,0.04836713479742676,0.051429699712805255,0.04093289710152916,0.04268644427700143,0.05068430087444138,0.26109422400904425,0.0511931450140156,0.0612244917341543,0.0347393111552465,0.06124926061122522,0.05888644114082391,0.0468042764525912
51_ADC003,0.327330569761876,0.025022098357314237,0.02381866993051984,0.036839485382589375,0.032651370427024665,0.05087411647119385,0.03899067828158285,0.12855511644998754,0.027067814983640963,0.07204309886691138,0.030508167146973537,0.08778822362908441,0.04750767589557037,0.035694460630890844
51_ADC004,0.26194844247953536,0.04545733393697954,0.04780822749336454,0.05080512525336006,0.05032367354776335,0.04500297556427111,0.04836258013692933,0.06131369168856105,0.04836944550238268,0.05272329882279223,0.04147850540382035,0.046498332313554144,0.0484911143967316,0.08557457704631807
51_ADC005,0.4180492036486054,0.05532302998835818,0.05425869105666231,0.04406068766086784,0.05245218738212761,0.04931099942487485,0.05270338460490729,0.057136089560787175,0.04822382962777298,0.05126966533511427,0.04214951083658774,0.04505691566561017,0.04354089869918922,0.06820396985614466
51_ADC006,0.4848438938032322,0.03763956165812245,0.04310760469000288,0.041327376278222985,0.029379706378707314,0.043632813084404067,0.03193311353841269,0.06095520308141555,0.04476186469653047,0.03864632062274447,0.02779502166149688,0.05065694414909201,0.04372081486802405,0.12786244010964695
51_ADC007,0.507819467132506,0.060468219382784,0.054902281491273394,0.06417042646757078,0.07197688067738332,0.06207708150363785,0.05618155906091682,0.08683343566481339,0.06588094836274826,0.0616209893898992,0.05803412174731664,0.0677874236919609,0.06116201178460715,0.05967991211181711
51_ADC008,0.458626109836994,0.03524204374159271,0.031789152498009884,0.03673171570684356,0.02950350260958264,0.03341228643126574,0.0287580283627444,0.06721665920680568,0.022176297203030174,0.033687446126570084,0.02525070174926295,0.029312420258132695,0.032409575102906214,0.07514254614264669
51_ADC009,0.09246544430183097,0.016196109054255253,0.01974289046231027,0.02413204250557124,0.03327086384123802,0.024468861656170533,0.026564418015935492,0.2731828004500036,0.06814791206656466,0.022095540073622792,0.03262148842559365,0.04390497970333016,0.04068603469034962,0.06920529027192883
51_ADC010,0.0,0.0,0.0,0.0,0.0,0.0,0.0,0.0,0.0,0.0,0.0,0.0,0.0,0.0
51_ADC011,0.35369913150633203,0.0311169336325216,0.02730280114851073,0.03498617601448527,0.031897440108987415,0.014334459248234087,0.016103876854004873,0.08401065187805205,0.027341781219030317,0.04316466461487593,0.027093246894204642,0.038453571833445895,0.04389737039137233,0.10969473024449554
5100529_D,0.09328300386504992,0.01327263168146418,0.02366669519172083,0.03017928343034218,0.031045347924244036,0.014615869238513319,0.01611467842888064,0.2458772549591176,0.03884438231634935,0.08339972497689345,0.024005423416869117,0.09539077060356577,0.039947533580684313,0.1618441335927175
5100880_D,0.2930262415530297,0.03810363749956853,0.032122176507658216,0.040914609456575185,0.05551058053350266,0.031999139703751164,0.03822100633662896,0.141696054795683,0.031915584621939566,0.06808240025919518,0.037791331715805856,0.07391417399384327,0.045854757550711285,0.13577119157660025
52_ADC021,0.14029782128906887,0.06269781903487467,0.05919955885404143,0.058975788903865435,0.15332395418848238,0.07276197698747619,0.0719056231934904,0.2136317373764089,0.09718972537845902,0.05169172848480298,0.07433569961781174,0.08178321707807584,0.0783801988449788,0.08715709817126667
52_ADC027,0.11587172083625838,0.035154628686655684,0.04439023419575447,0.037353062115531584,0.12239894010064352,0.05207889435209682,0.03854308881299704,0.2339502152932227,0.0923695837960273,0.038795963536400566,0.05302900435340472,0.04540191750312772,0.041616961016433335,0.05486433900245904
53_ADC022,0.4936215898115076,0.04158540674110429,0.0392638077102976,0.053497964707591834,0.053975570146177335,0.0473874315275846,0.04624333635075749,0.050843243846056686,0.05552485500398895,0.06536770960383162,0.03856525727053083,0.05383889888309691,0.052199002327882486,0.12088716299707605
53_ADC023,0.3798699836399807,0.03187245742553696,0.033686714602984086,0.05805731627639984,0.04985687891051786,0.04507490739173915,0.0426237724822163,0.05734482013895688,0.0567182385470198,0.07764642271383806,0.042380045853038666,0.052686450697967034,0.054757173738658085,0.14043086138786626
53_ADC024,0.3850883524680471,0.04835516644642157,0.04333623750013209,0.05286302754893328,0.05394468346199923,0.05447962084305148,0.046381971954994314,0.06065103745943251,0.05860681066603855,0.0604957228475881,0.04125969465511616,0.04199968898735442,0.061934006681385975,0.22605089302164816
53_ADC025,0.1833055652962064,0.025302886400204137,0.03081324654920642,0.043039024348289455,0.045185171997308884,0.02447840264025814,0.034817763002653636,0.2059387675069817,0.038007138343396994,0.02975548341206088,0.044799090332809564,0.06287434824254415,0.03447413634880876,0.12260105398620505
53_ADC026,0.109449257358395,0.049043603646455325,0.0514561188853992,0.04457652210358719,0.10253788583686098,0.048343432875000515,0.04372312699798665,0.2250748066175882,0.07869749730158733,0.0457703685132324,0.061301957039905285,0.05203145949868025,0.05004014240970515,0.05788833871047766
53_ADC028,0.2146041115169614,0.0292836010246847,0.04071400503126955,0.03373971650573219,0.03844757069076095,0.047079639473790666,0.04241201857207494,0.20793193913133726,0.056160403619571454,0.04192719432354335,0.0508287984351871,0.052411758940785716,0.038645153145929326,0.05986787286424726
53_ADC032,0.4125526385932337,0.055662029330347966,0.048986666053065474,0.04962177781298438,0.05865685032001755,0.05023395926480043,0.05322740473723455,0.10883790449590863,0.06378338286751598,0.055510509420539714,0.05123120974526986,0.06555524665199272,0.05230280804622717,0.052277304917383666
5300555_D,0.10551341448655917,0.018604660284774508,0.017428087460577096,0.023380623451974333,0.04278597850688101,0.04134278973621712,0.01667096340383644,0.22140147869178425,0.024599871810752332,0.14759714680056266,0.017633318573356618,0.12252738320952958,0.05462115835975514,0.045700428254806094
5300767_D,0.07138350669116808,0.049595219894237035,0.052163821505484376,0.05025913953930124,0.07733632894861331,0.05571879323997416,0.05262478611010433,0.2456767919138136,0.05626549556927322,0.13643516631728295,0.050651362347401335,0.15120599179669475,0.07785386856474202,0.10603094471367806
70_ADC049,0.13544439440669512,0.02518850537697932,0.04128627071169545,0.03212226966112667,0.052075241939680814,0.02407322856191708,0.020912435259041705,0.11198206814234424,0.03322106249529777,0.12698407249472304,0.028132028232192074,0.07972664959398887,0.04349519373539056,0.2409618584889705
70_ADC050,0.12441054638798288,0.0658382466416721,0.06449937235910014,0.0835604210371941,0.06650368878297079,0.07720959231327593,0.09626054402598734,0.11136431734197212,0.07603352882176369,0.06841411912904735,0.07207709610805042,0.08890998443085013,0.04291701439815429,0.10419712651259314
7000583_D,0.2389263266201988,0.0345652559875938,0.04052014426167655,0.04412524542157463,0.05778645470883235,0.02564997592859113,0.027605669371288343,0.12002536796026415,0.039756682763097385,0.09378349490238408,0.03865775496148501,0.08722384014211336,0.04545066501308415,0.1900940089346272
72_ADC051,0.22071884764499045,0.01879621778331557,0.036020975921939064,0.03838477546919939,0.05721736750669626,0.0322023255208772,0.027883481576906385,0.18296142208505384,0.03371570321457164,0.07181109123276933,0.03639567799679915,0.10567746734967176,0.05078079587760402,0.11418740452739408
72_ADC052,0.421243380443904,0.0316158175082832,0.02961497830007375,0.04202307397429046,0.038267931169299566,0.048477338947803546,0.03562735748666747,0.12456488517645033,0.03405738176698446,0.05397716580144436,0.04499088433484489,0.07770063460957513,0.04144482783852163,0.06219365939239485
72_ADC053,0.1139211472041222,0.030510742206203832,0.0318436097028516,0.03079633959100877,0.05136534055706159,0.03250270833495269,0.05790236862007025,0.1666234961830875,0.04140594171413331,0.15502048814859112,0.025545565115294155,0.1360314119056715,0.06780552503599005,0.0749079439415807
72_ADC054,0.07138704768892816,0.02196728228257307,0.01677227023809583,0.023047582494105445,0.04378487418660302,0.037297815548092604,0.023248835553318904,0.18852834713847802,0.03536807398136442,0.18498334080978296,0.02602473770758081,0.13936487680899382,0.05403359699483441,0.06363216889386368
72_ADC055,0.34326034639909864,0.027953203615378716,0.026959228163040805,0.04343756474672585,0.03641339233369857,0.04352648545777907,0.028336165749988627,0.16606325238666592,0.04010771316592997,0.053500579349664665,0.03953685143536528,0.09283390678370576,0.03775827683225517,0.056207460906205715
72_ADC056,0.12980017379429096,0.044319337215271946,0.04960000013366296,0.0417958146123731,0.060000364551201175,0.044294759476606466,0.04060749070578697,0.11330188723087907,0.03873133802213228,0.1422977157248317,0.037655737276442704,0.10533741898346932,0.04974975838590971,0.19507526178741288
72_ADC057,0.17071000163165892,0.044349833001146165,0.05337973763145566,0.04873245982899989,0.0702869294445421,0.04424892804439106,0.04611470595455471,0.11201418965322907,0.04728103233562734,0.12217872527346048,0.04592616032861733,0.10392069381252966,0.041899079845189945,0.1967979747012699
72_ADC058,0.2869367442109176,0.04253307281328235,0.03413212947080259,0.04259754416899535,0.04877343998545325,0.04282276061413269,0.033145633849387686,0.1442753843766144,0.04411965279165871,0.043261041869924285,0.040798755535527836,0.06075261002012855,0.03491341910991665,0.06588591237067759
72_ADC059,0.2399678079970569,0.049007014991340525,0.043904404078847166,0.05453147003756818,0.05231540009054199,0.04554445571285823,0.04206784256424602,0.07436187432561502,0.04790851960549738,0.094243927915727,0.04576162913342409,0.07602844052334985,0.052883232382926686,0.15823599073127126
72_ADC060,0.26264417920272715,0.04092485008766631,0.0364944898031289,0.04619912069067915,0.05399209124017137,0.045770641059124116,0.03556114636936148,0.0692657335750125,0.04094615839039877,0.09481947791774517,0.05036829542794695,0.06864056357478343,0.038832872065284234,0.12602336424909474
72_ADC061,0.27001451338939153,0.04067361736140965,0.04242309386378147,0.048856539837333436,0.05391670741482857,0.04636612497501688,0.03668863502769919,0.08159400103671584,0.053550555845312715,0.09906526740437696,0.04659824719017636,0.07210760503300517,0.04867353297343086,0.13734222841138374
72_ADC062,0.2100691572775704,0.03989503398161538,0.035492480476885274,0.035827019030656916,0.041954563904502,0.0386575715339913,0.035328204836366145,0.09130622716294404,0.04615155258229658,0.10142657035406863,0.04931904672560293,0.0665864205049467,0.04512575584288305,0.15423277065531374
72_ADC063,0.3000712922326989,0.044576370282545325,0.04298191848335746,0.05243132172659663,0.05720960041176752,0.04869802319560408,0.04705503595362176,0.07019535760384199,0.04954021043095706,0.056155441825605786,0.04810597712074538,0.06858686656146021,0.050160989048220216,0.12143504943542767
72_ADC064,0.2675784283496242,0.036316799973618696,0.028695182008419726,0.08022529638478325,0.04176410835615653,0.0442016633754045,0.03734982151066653,0.06251255009911685,0.047124389764585516,0.1217978664064974,0.03955654768096757,0.07857086905147627,0.03451847183702608,0.12715510693113874
72_ADC065,0.0,0.0,0.0,0.0,0.0,0.0,0.0,0.0,0.0,0.0,0.0,0.0,0.0,0.0
7200512_D,0.0,0.0,0.0,0.0,0.0,0.0,0.0,0.0,0.0,0.0,0.0,0.0,0.0,0.0
7200646_I,0.6251163360180085,0.05331622020649805,0.06352962372759642,0.057927585170273764,0.0588265436572125,0.057723642780737675,0.059514918099734075,0.05700774363269899,0.056657951889749,0.058891150050477285,0.052454534787460746,0.0565217850605017,0.054128088482669236,0.057901627281425165
7200730_D,0.19995654525904952,0.03739593817339549,0.034257716541839116,0.03325368244947668,0.0578781851840848,0.03547645309960512,0.07227062472335408,0.1861777192569456,0.03862099973095137,0.08316460355806851,0.037532496735781,0.12609123530581734,0.055655185341381065,0.0879496488747996
7200764_I,0.1961617688285594,0.016921528540806925,0.04164638599478882,0.04923232830435993,0.04964248633336127,0.053613831563633314,0.028682082619980263,0.2446212214247201,0.02832791578797188,0.06203760912164846,0.03418236911864448,0.10867418017829568,0.048615947210762185,0.04159153371939535
7200766_I,0.30323191591097504,0.04817985928102153,0.048706463858315424,0.054668204841926964,0.07310083904492037,0.04758879081486405,0.04637325061044127,0.0847681033684871,0.053230872467115296,0.11507177778252302,0.053388485330946,0.0976296232247205,0.05426332317853762,0.13442274210609068
7200852_D,0.28506376902538666,0.04356817613054123,0.043405147415223305,0.04355290901498293,0.06786366359209331,0.04583709940368255,0.03814377679657011,0.08388086438207308,0.04611891739235247,0.11657523873304405,0.046600685675919865,0.08638210778867386,0.04952726806314258,0.12186706429208738
