WDID,Admin,Decree,Source
3600507,12950,1,SLATE CREEK
3600507,13301,1.37,SLATE CREEK
3600507,17806,1,SLATE CREEK
3600507,22964.21102,2.13,SLATE CREEK
3600507,30184.23162,5.5,SLATE CREEK
3600603,19239,3.5,BLUE RIVER
3600603,20228,1.25,BLUE RIVER
3600603,32075.20228,6.21,BLUE RIVER
3600603,32075.25707,6.02,BLUE RIVER
3600606,31258,90,OTTER CREEK
3600642,19909,6.35,BLUE RIVER
3600642,49673.49466,10,BLUE RIVER
3600642,49798,3,BLUE RIVER
3600642,52230.49466,10,BLUE RIVER
3600642,53325.49773,3,BLUE RIVER
3600645,17288,5,ELLIOTT CREEK
3600645,19919,2.5,ELLIOTT CREEK
3600645,20294,2.5,ELLIOTT CREEK
3600645,21975.20392,10,ELLIOTT CREEK
3600645,32075.23878,14,ELLIOTT CREEK
3600645,33846,3.38,ELLIOTT CREEK
3600649_D,11110,1,SLATE CREEK
3600649_D,11114,1,SLATE CREEK
3600649_D,11840,3.5,SLATE CREEK
3600649_D,14093,13.4,SLATE CREEK
3600649_D,17363,1.25,SLATE CREEK
3600649_D,19180,4,SLATE CREEK
3600649_D,20615,4,SLATE CREEK
3600649_D,20615,8,SLATE CREEK
3600649_D,23296.22888,8,SLATE CREEK
3600649_D,25715.24262,2,SLATE CREEK
3600649_D,32075.17167,9.6,SLATE CREEK
3600649_D,32075.2366,22,SLATE CREEK
3600649_D,32075.25566,4,SLATE CREEK
3600649_D,32075.30102,12.39,SLATE CREEK
3600649_D,49673.47786,3,SLATE CREEK
3600649_D,49673.47786,3,SLATE CREEK
3600658,23296.22431,3.4,WILLOW CREEK
3600658,36311,8,WILLOW CREEK
3600660,12936,6,BLUE RIVER
3600660,30184.18262,2,BLUE RIVER
3600660,30184.23526,17.1,BLUE RIVER
3600662_D,22964.22029,2,ELLIOTT CREEK
3600662_D,22964.22029,10,ELLIOTT CREEK
3600662_D,22964.22029,1,ELLIOTT CREEK
3600662_D,22964.22029,5,ELLIOTT CREEK
3600662_D,22964.22029,25,ELLIOTT CREEK
3600662_D,22964.22029,0.5,ELLIOTT CREEK
3600662_D,22964.22029,25,ELLIOTT CREEK
3600662_D,22964.22029,2,ELLIOTT CREEK
3600662_D,22964.22029,3,ELLIOTT CREEK
3600662_D,99999.99999,999,ELLIOTT CREEK
3600671,14397,1.5,BLUE RIVER
3600671,14884,0.65,BLUE RIVER
3600671,22965.22553,1.5,BLUE RIVER
3600671,32075.2578,2,BLUE RIVER
3600671,32075.31166,18.8,BLUE RIVER
3600671,35929,15,BLUE RIVER
3600687,9324,3.25,SLATE CREEK
3600687,32075.09324,13.4,SLATE CREEK
3600709,30184.29584,18.33,BLUE RIVER
3600709,32075.11444,3,BLUE RIVER
3600709,32075.18262,17.85,BLUE RIVER
3600709,45290.45144,36.62,BLUE RIVER
3600725,19523,1,BLACK CREEK
3600725,32075.19523,4,BLACK CREEK
3600725,32075.2283,6.6,BLACK CREEK
3600725,37421,2.2,BLACK CREEK
3600728,18515,3,BLACK CREEK
3600728,32075.1888,3,BLACK CREEK
3600728,32075.22837,3,BLACK CREEK
3600728,37407,6.53,BLACK CREEK
3600729,19510,3,BLACK CREEK
3600729,32075.1951,3,BLACK CREEK
3600729,32075.22844,7.6,BLACK CREEK
3600729,37416,3.4,BLACK CREEK
3600729,99999.99999,999,BLACK CREEK
3600734,32075.28032,18.67,BLUE RIVER
3600734,99999.99999,999,BLUE RIVER
3600765,17046,5,BLUE RIVER
3600765,32075.27539,9.87,BLUE RIVER
3600765,99999.99999,999,BLUE RIVER
3600775,14703,5.25,BLUE RIVER
3600775,53325.52868,10.75,BLUE RIVER
3600776_D,11443,8,BLUE RIVER
3600776_D,13650,4,BLUE RIVER
3600776_D,19570,1.25,BLUE RIVER
3600776_D,30254,3,BLUE RIVER
3600776_D,31697,1,BLUE RIVER
3600776_D,53325.52868,17.2,BLUE RIVER
3600776_D,53325.52868,10,BLUE RIVER
3600780,19601,2.2,BLUE RIVER
3600780,30184.30107,9.3,BLUE RIVER
3600780,35915,12,BLUE RIVER
3600780,99999.99999,999,BLUE RIVER
3600784,12191,3.5,STRAIGHT CREEK
3600796,13259,3.25,BRUSH CREEK
3600796,32075.20453,13.79,BRUSH CREEK
3600801,15157,15,DEEP CREEK
3600801,18871,15,DEEP CREEK
3600801,99999.99999,999,DEEP CREEK
3600829,18005,3.5,STRAIGHT CREEK
3600832,16223,12.5,MARTIN CREEK
3600841,31566,35,SNAKE RIVER
3600841,99999.99999,999,SNAKE RIVER
3600868_D,14397,5.07,CATARACT CREEK
3600868_D,14397,2,CATARACT CREEK
3600868_D,14929,4,CATARACT CREEK
3600868_D,16588,2,CATARACT CREEK
3600868_D,19413,3,CATARACT CREEK
3600868_D,20696,2,CATARACT CREEK
3600868_D,99999.99999,999,CATARACT CREEK
3600881,31258,1726,BLUE RIVER
3600908,44925.44721,2.5,MINERS CREEK
3600908,47847.47116,3.7,MINERS CREEK
3600908,47968,1.1,MINERS CREEK
3600989,99999.99999,999,WILLOW CREEK
3601008,47483,2.9,BLUE RIVER
3601016,99999.99999,999,KEYSTONE CREEK
3604512HU,99999.99999,0,BLUE RIVER
3604626,15829,4.5,PERU CREEK
3604626,19875,4,PERU CREEK
3604626,23296.224,4,PERU CREEK
3604626,30184.16801,5.48,PERU CREEK
3604626,30184.23561,10,PERU CREEK
3604626,30951,3,PERU CREEK
3604626,32075.18444,2.72,PERU CREEK
3604626,32075.23561,10,PERU CREEK
3604626,33289,12.96,PERU CREEK
3604626,40020,31.8,PERU CREEK
3604626,99999.99999,999,PERU CREEK
3604683,35927,540,BLUE RIVER
3604683SU,99999.99999,0,BLUE RIVER
3604684,35927.00004,520,BLUE RIVER
3604685,30184.21915,16,INDIANA CREEK
3604699,30184.29071,77,BLUE RIVER
36GMCON,99999,0,#N/A
36_ADC017,10652,52.26,#N/A
36_ADC017,17774,13.33,#N/A
36_ADC017,20534,1.5,#N/A
36_ADC017,22439,50.06,#N/A
36_ADC017,31222,14,#N/A
36_ADC017,23824,94.86,#N/A
36_ADC017,42929,0.04,#N/A
36_ADC017,47389,0.33,#N/A
36_ADC018,13284,18.32,#N/A
36_ADC018,18089,35.21,#N/A
36_ADC018,20593,1.5,#N/A
36_ADC018,12174,2.5,#N/A
36_ADC018,25435,32.1,#N/A
36_ADC019,11640,7.2,#N/A
36_ADC019,18471,14,#N/A
36_ADC019,31563,3.51,#N/A
36_ADC019,20847,59.57,#N/A
36_ADC019,45210,2,#N/A
36_KeyMun,18181,0.03,#N/A
36_KeyMun,32075.25333,0.12,#N/A
36_KeyMun,44741,1.23,#N/A
3700519,25277.20453,1.5,EAST LAKE CREEK
3700519,30894.20939,1.5,EAST LAKE CREEK
3700519,30894.27514,4.5,EAST LAKE CREEK
3700519,30894.30102,4.08,EAST LAKE CREEK
3700519,99999.99999,999,EAST LAKE CREEK
3700539,12188,1.8,GYPSUM CREEK
3700539,13392,0.4,GYPSUM CREEK
3700539,13589,0.95,GYPSUM CREEK
3700539,13591,0.85,GYPSUM CREEK
3700539,13591,2.8,GYPSUM CREEK
3700539,13593,3.2,GYPSUM CREEK
3700539,13918,1,GYPSUM CREEK
3700539,13985,2.2,GYPSUM CREEK
3700539,15646,0.8,GYPSUM CREEK
3700539,16251.14411,0.1,GYPSUM CREEK
3700539,17683,0.14,GYPSUM CREEK
3700539,23261.20827,0.4,GYPSUM CREEK
3700539,23802.2374,27.7,GYPSUM CREEK
3700545,16251.12773,0.8,BRUSH CREEK
3700545,30894.26906,12.42,BRUSH CREEK
3700548,16251.13302,0.8,EAGLE RIVER
3700548,16251.15126,0.17,EAGLE RIVER
3700548,20972.14185,8,EAGLE RIVER
3700548,30894.15115,0.6,EAGLE RIVER
3700548,30894.21689,5.25,EAGLE RIVER
3700548,30894.26906,1,EAGLE RIVER
3700548,99999.99999,999,EAGLE RIVER
3700560,16927,7.3,LAKE CREEK
3700560,30894.17657,13.16,LAKE CREEK
3700560,52595.51986,2,LAKE CREEK
3700560,54201,0.5,LAKE CREEK
3700561,11808,4.1,GYPSUM CREEK
3700561,13028,2.8,GYPSUM CREEK
3700561,13918,2.4,GYPSUM CREEK
3700561,15611,0.5,GYPSUM CREEK
3700561,15611,1,GYPSUM CREEK
3700561,23802.2374,10.3,GYPSUM CREEK
3700561,30894.27394,2.16,GYPSUM CREEK
3700571,13315,3.2,LAKE CREEK
3700571,15462,3,LAKE CREEK
3700571,19509.16192,3.9,LAKE CREEK
3700571,30894.18383,2.54,LAKE CREEK
3700571,30894.20977,0.25,LAKE CREEK
3700571,54021,0.25,LAKE CREEK
3700571,99999.99999,999,LAKE CREEK
3700642,16251.13057,5.52,EAGLE RIVER
3700642,16953,0.5,EAGLE RIVER
3700642,20972.16151,0.34,EAGLE RIVER
3700642,22702.2237,17,EAGLE RIVER
3700642,22736,2,EAGLE RIVER
3700642,30126.27646,4.46,EAGLE RIVER
3700642,30894.28011,20.42,EAGLE RIVER
3700655,11808,0.3,GYPSUM CREEK
3700655,13752,2.73,GYPSUM CREEK
3700655,14001,0.56,GYPSUM CREEK
3700655,14061,1.5,GYPSUM CREEK
3700655,14081,0.24,GYPSUM CREEK
3700655,14463,1.8,GYPSUM CREEK
3700655,23802.2374,11.06,GYPSUM CREEK
3700655,99999.99999,999,GYPSUM CREEK
3700658,17696,2.2,EAGLE RIVER
3700658,30894.18061,11.92,EAGLE RIVER
3700658,30894.20977,3.04,EAGLE RIVER
3700686,14457,2.2,BRUSH CREEK
3700686,16251.12085,2.6,BRUSH CREEK
3700686,17328,5.7,BRUSH CREEK
3700686,22489,0.2,BRUSH CREEK
3700686,30894.26906,9.7,BRUSH CREEK
3700694,12205,1.8,BRUSH CREEK
3700694,13918,1.8,BRUSH CREEK
3700694,14456,1.4,BRUSH CREEK
3700694,16902,0.6,BRUSH CREEK
3700694,30894.26906,13.74,BRUSH CREEK
3700708,16251.13971,6,EAGLE RIVER
3700708,30894.22736,4.87,EAGLE RIVER
3700708,38753.37912,18.26,EAGLE RIVER
3700708,54056,0.26,EAGLE RIVER
3700723,12538,0.6,BRUSH CREEK
3700723,13605,0.04,BRUSH CREEK
3700723,16251.14508,0.6,BRUSH CREEK
3700723,17302,0.5,BRUSH CREEK
3700723,30387.23501,2,BRUSH CREEK
3700723,30894.26906,5.71,BRUSH CREEK
3700723,99999.99999,999,BRUSH CREEK
3700743,17696,0.88,EAGLE RIVER
3700743,21707.17326,8,EAGLE RIVER
3700743,30894.20977,9.88,EAGLE RIVER
3700743,52230.4361,8,EAGLE RIVER
3700743,52230.52217,3,EAGLE RIVER
3700743,99999.99999,999,EAGLE RIVER
3700823,11505,9,GYPSUM CREEK
3700823,11969,2.65,GYPSUM CREEK
3700823,12539,1,GYPSUM CREEK
3700823,12875,0.4,GYPSUM CREEK
3700823,13338,0.65,GYPSUM CREEK
3700823,13345,1.1,GYPSUM CREEK
3700823,14458,1.7,GYPSUM CREEK
3700823,20972.18418,3.55,GYPSUM CREEK
3700823,20972.18419,1.7,GYPSUM CREEK
3700823,20972.19181,2,GYPSUM CREEK
3700823,23802.2374,25.65,GYPSUM CREEK
3700823,55517.54056,5,GYPSUM CREEK
3700823,99999.99999,999,GYPSUM CREEK
3700830,16251.14406,6.64,EAGLE RIVER
3700830,30894.26093,10.91,EAGLE RIVER
3700830,37040,6.2,EAGLE RIVER
3700830,99999.99999,999,EAGLE RIVER
3700843,16251.11251,3.2,BRUSH CREEK
3700843,18627,2,BRUSH CREEK
3700843,30894.26906,7.05,BRUSH CREEK
3700848,12894,3.7,EAGLE RIVER
3700848,14527,2.4,EAGLE RIVER
3700848,14527,1.6,EAGLE RIVER
3700848,20972.18901,0.94,EAGLE RIVER
3700848,30894.26571,11.83,EAGLE RIVER
3700848,38753.37375,15,EAGLE RIVER
3700848,99999.99999,999,EAGLE RIVER
3700857,16251.11808,4.8,BRUSH CREEK
3700857,18017,1,BRUSH CREEK
3700857,30894.26906,14.91,BRUSH CREEK
3701146,42485,500,EAGLE RIVER
3704516HU,99999.99999,0,EAGLE RIVER
3704614,38753.3752,300,EAGLE RIVER
3704641,30894.29391,30,EAST FORK EAGLE RIVER
3704642,22435.20605,18.5,SOUTH FORK EAGLE RIVER
3704642,99999.99999,999,SOUTH FORK EAGLE RIVER
3704643,38753.3752,179.8,SOUTH FORK EAGLE RIVER
3704648,30894.29013,85,SOUTH FORK EAGLE RIVER
37VAILIRR,15646,11.2,#N/A
37VAILMUN,42420.41366,13,#N/A
37_ADC029,13593,14,#N/A
37_ADC029,15293,6.4,#N/A
37_ADC029,19108,18.2,#N/A
37_ADC029,23766,76.23,#N/A
37_ADC029,35221,2.43,#N/A
37_ADC029,49439,3.52,#N/A
37_ADC030,13451,14.7,#N/A
37_ADC030,15098,20.8,#N/A
37_ADC030,21103,9.4,#N/A
37_ADC030,24815,59.02,#N/A
37_ADC030,24127,3.02,#N/A
37_ADC030,37761,1.9,#N/A
37_ADC030,26388,4,#N/A
37_ADC031,12986,11.55,#N/A
37_ADC031,14129,5.88,#N/A
37_ADC031,18604,6.52,#N/A
37_ADC031,22008,38.84,#N/A
37_ADC031,38383,1.78,#N/A
37_ADC031,43372,1,#N/A
3800516,11832,4,FOURMILE CREEK
3800516,12873,3,FOURMILE CREEK
3800516,13274,0.7,FOURMILE CREEK
3800516,30941.25336,5.5,FOURMILE CREEK
3800516,47116.46658,2,FOURMILE CREEK
3800516,49308.4866,2,FOURMILE CREEK
3800528,11981,5,ROARING FORK RIVER
3800528,12870,5,ROARING FORK RIVER
3800528,13233,1.8,ROARING FORK RIVER
3800528,30941.1467,33.2,ROARING FORK RIVER
3800545,11448,2.5,CAPITOL CREEK
3800545,12153,2.6,CAPITOL CREEK
3800545,19720.13635,1,CAPITOL CREEK
3800545,30941.25723,10,CAPITOL CREEK
3800545,52595.52554,1,CAPITOL CREEK
3800547,12518,2.8,CRYSTAL RIVER
3800547,25494.1368,3.2,CRYSTAL RIVER
3800547,30941.14776,14,CRYSTAL RIVER
3800547,53279,3.8,CRYSTAL RIVER
3800547,99999.99999,999,CRYSTAL RIVER
3800569,12961,6,CATTLE CREEK
3800569,20109.19237,8,CATTLE CREEK
3800572,19306.17804,4,CAPITOL CREEK
3800572,20109.18771,4,CAPITOL CREEK
3800572,24546.18771,4.18,CAPITOL CREEK
3800572,30941.25723,6,CAPITOL CREEK
3800572,34485,4,CAPITOL CREEK
3800573,11880,2.5,CAPITOL CREEK
3800573,12173,2.5,CAPITOL CREEK
3800573,37552.24988,6,CAPITOL CREEK
3800573,99999.99999,999,CAPITOL CREEK
3800574,13605,5,CRYSTAL RIVER
3800574,30941.25658,36.24,CRYSTAL RIVER
3800606,11809,1.7,COLLINS CREEK
3800606,12599,1.3,COLLINS CREEK
3800606,13284,0.3,COLLINS CREEK
3800606,30941.24258,13.34,COLLINS CREEK
3800618,21644.12875,5.58,ROARING FORK RIVER
3800618,30941.14701,5.6,ROARING FORK RIVER
3800618,99999.99999,999,ROARING FORK RIVER
3800639,19475.14188,4,CAPITOL CREEK
3800639,23853.15862,7.2,CAPITOL CREEK
3800639,24577.19524,3.96,CAPITOL CREEK
3800639,30941.25723,1.71,CAPITOL CREEK
3800651,19313.16293,31.8,CRYSTAL RIVER
3800651,36396.33723,10,CRYSTAL RIVER
3800659,29274.20209,8.33,ROARING FORK RIVER
3800659,30941.20575,6.66,ROARING FORK RIVER
3800660,23187.20939,19.29,SNOWMASS CREEK
3800663,19313.12957,9.1,CRYSTAL RIVER
3800663,30941.27931,3.45,CRYSTAL RIVER
3800663,36396.36277,2,CRYSTAL RIVER
3800663,44557,0.25,CRYSTAL RIVER
3800663,52595.52536,0.3,CRYSTAL RIVER
3800663,99999.99999,999,CRYSTAL RIVER
3800667,24059.21458,9.5,CATTLE CREEK
3800667,99999.99999,999,CATTLE CREEK
3800688,11633,1.6,FOURMILE CREEK
3800688,23329.19698,1.6,FOURMILE CREEK
3800688,30941.25336,4,FOURMILE CREEK
3800688,36396.25719,5.44,FOURMILE CREEK
3800688,99999.99999,999,FOURMILE CREEK
3800712,21522.18584,28.65,ROARING FORK RIVER
3800712,30941.18949,17.24,ROARING FORK RIVER
3800712,99999.99999,999,ROARING FORK RIVER
3800715,13262,8.5,ROARING FORK RIVER
3800715,30941.14723,12.24,ROARING FORK RIVER
3800715,53306,3,ROARING FORK RIVER
3800715,99999.99999,999,ROARING FORK RIVER
3800720,18977.11832,17.44,CAPITOL CREEK
3800720,99999.99999,999,CAPITOL CREEK
3800740,12359,8.73,ROARING FORK RIVER
3800740,30941.14916,14.82,ROARING FORK RIVER
3800740,99999.99999,999,ROARING FORK RIVER
3800749,31648.14884,9.3,MAROON CREEK
3800749,37552.37102,51.56,MAROON CREEK
3800749,51125,4,MAROON CREEK
3800755,36763,30,CASTLE CREEK
3800757,13661,20,ROARING FORK RIVER
3800757,29484.20209,20,ROARING FORK RIVER
3800757,30941.18506,0.87,ROARING FORK RIVER
3800757,30941.20923,16.5,ROARING FORK RIVER
3800757,36396.3602,1.63,ROARING FORK RIVER
3800757,99999.99999,999,ROARING FORK RIVER
3800798,12889,0.67,ROARING FORK RIVER
3800798,30941.14715,1.9,ROARING FORK RIVER
3800798,32907.31655,0.47,ROARING FORK RIVER
3800798,38137,5,ROARING FORK RIVER
3800798,51864.42155,3,ROARING FORK RIVER
3800798,51864.47968,3,ROARING FORK RIVER
3800798,51867,5,ROARING FORK RIVER
3800798,53873,8,ROARING FORK RIVER
3800798,56614,0.1,ROARING FORK RIVER
3800800,16765.12875,6.3,ROARING FORK RIVER
3800800,30427.19453,1.01,ROARING FORK RIVER
3800800,30941.19818,9.57,ROARING FORK RIVER
3800800,53306,5.6,ROARING FORK RIVER
3800822,13284,2.4,FOURMILE CREEK
3800822,13666,0.6,FOURMILE CREEK
3800822,30941.25336,5.2,FOURMILE CREEK
3800822,37552.37477,3.8,FOURMILE CREEK
3800822,42467,3,FOURMILE CREEK
3800838,11793,1.5,ROARING FORK RIVER
3800838,39617.11793,11.9,ROARING FORK RIVER
3800838,99999.99999,999,ROARING FORK RIVER
3800840,19313.14878,19,CRYSTAL RIVER
3800840,30941.26945,21.5,CRYSTAL RIVER
3800840,99999.99999,999,CRYSTAL RIVER
3800854,15799.14436,3.4,CASTLE CREEK
3800854,32907.15565,65,CASTLE CREEK
3800854,99999.99999,999,CASTLE CREEK
3800861,19164.13351,1.9,CAPITOL CREEK
3800861,19164.14199,3,CAPITOL CREEK
3800861,30604.22435,2.7,CAPITOL CREEK
3800861,30941.25723,5.1,CAPITOL CREEK
3800869,15515.13104,60,CASTLE CREEK
3800869,15515.14376,100,CASTLE CREEK
3800879,12996,5,CATTLE CREEK
3800879,13037,5,CATTLE CREEK
3800880_D,11414,2.6,WEST SOPRIS CREEK
3800880_D,12174,2.2,WEST SOPRIS CREEK
3800880_D,12980,5,WEST SOPRIS CREEK
3800880_D,13788,1.5,WEST SOPRIS CREEK
3800880_D,20539.19509,2,WEST SOPRIS CREEK
3800880_D,37552.37524,32.5,WEST SOPRIS CREEK
3800881,20242.19143,13,CATTLE CREEK
3800881,25086.22641,40,CATTLE CREEK
3800881,99999.99999,999,CATTLE CREEK
3800890,30941.20701,22.89,SNOWMASS CREEK
3800890,99999.99999,999,SNOWMASS CREEK
3800893,13718,1.5,FOURMILE CREEK
3800893,21322.20234,6.5,FOURMILE CREEK
3800893,30941.25336,4.5,FOURMILE CREEK
3800893,50769.46872,8,FOURMILE CREEK
3800893,56978.43596,4.5,FOURMILE CREEK
3800893,56978.46126,5,FOURMILE CREEK
3800893,99999.99999,999,FOURMILE CREEK
3800902,12611,3,CATTLE CREEK
3800902,13395,11,CATTLE CREEK
3800902,15862,2.9,CATTLE CREEK
3800902,46751.42641,10.3,CATTLE CREEK
3800920,25494.11793,0.8,ROARING FORK RIVER
3800920,30941.23845,11.2,ROARING FORK RIVER
3800924,14045,3,WOODY CREEK
3800924,28989.24273,3.5,WOODY CREEK
3800924,28989.28275,0.5,WOODY CREEK
3800924,30941.28641,18,WOODY CREEK
3800925,23107.19978,10.8,CATTLE CREEK
3800925,24180.22827,6.1,CATTLE CREEK
3800925,99999.99999,999,CATTLE CREEK
3800930,42491,63,ROARING FORK RIVER
3800930,99999.99999,999,ROARING FORK RIVER
3800939,11444,5.6,THOMPSON CREEK
3800939,11828,4.7,THOMPSON CREEK
3800939,30941.1851,2.21,THOMPSON CREEK
3800939,99999.99999,999,THOMPSON CREEK
3800959,19164.18925,2,SNOWMASS CREEK
3800959,19164.19084,0.1,SNOWMASS CREEK
3800959,30886.17349,4,SNOWMASS CREEK
3800959,30941.19879,7.3,SNOWMASS CREEK
3800959,99999.99999,999,SNOWMASS CREEK
3800966,12095,4,ROARING FORK RIVER
3800966,12875,3.5,ROARING FORK RIVER
3800966,21522.18584,1.28,ROARING FORK RIVER
3800966,30941.18949,0.72,ROARING FORK RIVER
3800966,36616,9,ROARING FORK RIVER
3800966,52230.51963,1.65,ROARING FORK RIVER
3800966,53973,2.6,ROARING FORK RIVER
3800968,11854,5,ROARING FORK RIVER
3800968,13254,2.5,ROARING FORK RIVER
3800968,13468,2,ROARING FORK RIVER
3800968,19719.18012,10.7,ROARING FORK RIVER
3800968,30941.18377,20.06,ROARING FORK RIVER
3800968,30941.18506,0.87,ROARING FORK RIVER
3800968,36396.3602,3,ROARING FORK RIVER
3800968,51499.51416,0.2,ROARING FORK RIVER
3800968,51619,5,ROARING FORK RIVER
3800968,99999.99999,999,ROARING FORK RIVER
3800970,12064,10,CRYSTAL RIVER
3800970,30941.23895,25,CRYSTAL RIVER
3800970,37096,0.2,CRYSTAL RIVER
3800970,99999.99999,999,CRYSTAL RIVER
3800981,20041.19206,58,ROARING FORK RIVER
3800981,51129,1,ROARING FORK RIVER
3800981,99999.99999,999,ROARING FORK RIVER
3800989,11840,1,SOPRIS CREEK
3800989,12232,1.4,SOPRIS CREEK
3800989,13911,0.3,SOPRIS CREEK
3800989,24928.19868,1.8,SOPRIS CREEK
3800989,24928.24601,0.2,SOPRIS CREEK
3800989,30941.26418,7.36,SOPRIS CREEK
3800989,36396.35519,1.35,SOPRIS CREEK
3800989,53691.51286,0.05,SOPRIS CREEK
3800994,12234,2.5,WEST SOPRIS CREEK
3800994,13376,2.3,WEST SOPRIS CREEK
3800994,36396.29371,7.86,WEST SOPRIS CREEK
3800996,30618.1257,6.58,ROARING FORK RIVER
3800996,30941.14761,42.68,ROARING FORK RIVER
3801012,19832.14421,6.2,SNOWMASS CREEK
3801012,30941.17592,20,SNOWMASS CREEK
3801012,30941.23257,1,SNOWMASS CREEK
3801012,42285,6.2,SNOWMASS CREEK
3801018,12866,1.5,CRYSTAL RIVER
3801018,12894,1.96,CRYSTAL RIVER
3801018,13608,1.2,CRYSTAL RIVER
3801018,15379.14336,1,CRYSTAL RIVER
3801018,30941.14715,3.7,CRYSTAL RIVER
3801018,30941.23895,3.04,CRYSTAL RIVER
3801018,54380,5.68,CRYSTAL RIVER
3801018,99999.99999,999,CRYSTAL RIVER
3801038,20239.19006,50,CRYSTAL RIVER
3801038,30941.26945,14.08,CRYSTAL RIVER
3801038,34119,10.92,CRYSTAL RIVER
3801038,99999.99999,999,CRYSTAL RIVER
3801052,26467.22155,5.75,NETTLE CREEK
3801052,41563,3,NETTLE CREEK
3801062,29867.12529,9.94,ROARING FORK RIVER
3801062,30941.1472,21.56,ROARING FORK RIVER
3801066,11936,1.4,RED CANYON
3801073,11127,4,WOODY CREEK
3801073,12480,5.75,WOODY CREEK
3801073,30941.24258,13.19,WOODY CREEK
3801073,32907.31655,15.26,WOODY CREEK
3801073,99999.99999,999,WOODY CREEK
3801078,12950,5,SNOWMASS CREEK
3801078,30941.1331,1,SNOWMASS CREEK
3801078,30941.19844,5.46,SNOWMASS CREEK
3801078,30941.19884,2.44,SNOWMASS CREEK
3801078,30941.2024,2.34,SNOWMASS CREEK
3801078,30941.21064,15.68,SNOWMASS CREEK
3801078,36734,40,SNOWMASS CREEK
3801082,12894,2.84,CRYSTAL RIVER
3801082,27066.26783,1.52,CRYSTAL RIVER
3801082,30941.27149,8,CRYSTAL RIVER
3801096_D,19145.11116,6,CAPITOL CREEK
3801096_D,19145.11505,15,CAPITOL CREEK
3801096_D,49338,2.5,CAPITOL CREEK
3801101,12966,3,WILLOW CREEK
3801101,13635,3,WILLOW CREEK
3801101,15514.1508,30,WILLOW CREEK
3801101,51125,4,WILLOW CREEK
3801101,99999.99999,999,WILLOW CREEK
3801104,13350,13,WILLOW CREEK
3801121,19874.17302,3.86,SNOWMASS CREEK
3801121,99999.99999,999,SNOWMASS CREEK
3801132,12183,2.94,WOODY CREEK
3801132,12543,2.53,WOODY CREEK
3801132,30941.24258,10.8,WOODY CREEK
3801132,99999.99999,999,WOODY CREEK
3801147,13090,3.68,CRYSTAL RIVER
3801147,13434,3.19,CRYSTAL RIVER
3801147,22123.19097,1.77,CRYSTAL RIVER
3801147,36396.35885,12.8,CRYSTAL RIVER
3801147,54380,5.68,CRYSTAL RIVER
3801147,99999.99999,999,CRYSTAL RIVER
3801441,21852.14986,7,SNOWMASS CREEK
3801441,42305,0.37,SNOWMASS CREEK
3801441,42305,4.73,SNOWMASS CREEK
3801441,52013,3.1,SNOWMASS CREEK
3801481,21497.18744,25.4,MESA CREEK
3801481,49346,1,MESA CREEK
3801594,39291.00001,1262,HUNTER CREEK
3801661,45655.38866,15,WOODY CREEK
3801790,12554,1.04,HUNTER CREEK
3801790,14211,13,HUNTER CREEK
3801790,25618.21642,5.59,HUNTER CREEK
3801790,30941.23986,4.31,HUNTER CREEK
3801790,51296,1.2,HUNTER CREEK
3801790,56247.55497,1.2,HUNTER CREEK
3801790,56536,1,HUNTER CREEK
3803713I1,99999,0,COLORADO RIVER
3803713I2,99999,0,COLORADO RIVER
3803713M1,99999,0,COLORADO RIVER
3803713M2,99999,0,COLORADO RIVER
3803713M3,99999,0,COLORADO RIVER
3804613,28394.2611,35,FRYINGPAN RIVER
3804613,28394.27306,25,FRYINGPAN RIVER
3804613,28394.27299,50,FRYINGPAN RIVER
3804613,28394.28365,70,FRYINGPAN RIVER
3804613,99999.99999,999,FRYINGPAN RIVER
3804617,30941.29454,625,LINCOLN CREEK
3804625,39291,900,FRYINGPAN RIVER
3804625,48577.39291,100,FRYINGPAN RIVER
3804625SU,99999.99999,0,FRYINGPAN RIVER
3804717,37825,7.8,THREEMILE CREEK
3804717,38613,6.6,THREEMILE CREEK
38_ADC033,12453,24.82,#N/A
38_ADC033,20235,9.94,#N/A
38_ADC033,19719,20.87,#N/A
38_ADC033,31994,10.39,#N/A
38_ADC033,50823,2,#N/A
38_ADC034,12877,7.4,#N/A
38_ADC034,14516,24.14,#N/A
38_ADC034,18446,15.53,#N/A
38_ADC034,22656,21.22,#N/A
38_ADC034,27918,18.49,#N/A
38_ADC034,39260,5.7,#N/A
38_ADC034,44748,0.3,#N/A
38_ADC034,36333,4.5,#N/A
38_ADC035,14731,2,#N/A
38_ADC035,14458,1.8,#N/A
38_ADC035,13644,0.6,#N/A
38_ADC035,18454,11.71,#N/A
38_ADC035,28220,21.04,#N/A
38_ADC035,99999.99999,999,#N/A
38_ADC036,12869,18,#N/A
38_ADC036,22985,3.95,#N/A
38_ADC036,25847,13.73,#N/A
38_ADC036,29318,15.07,#N/A
38_ADC036,44560,7.5,#N/A
38_ADC036,99999.99999,999,#N/A
38_ADC037,12321,12.2,#N/A
38_ADC037,17606,1,#N/A
38_ADC037,16534,5.1,#N/A
38_ADC037,17667,9.19,#N/A
38_ADC037,17925,30.37,#N/A
38_ADC037,32066,10.5,#N/A
38_ADC037,33084,1.8,#N/A
38_ADC038,12873,9.8,#N/A
38_ADC038,15727,8.43,#N/A
38_ADC038,16853,1.7,#N/A
38_ADC038,23983,6.77,#N/A
38_ADC038,34813,14.37,#N/A
38_ADC038,48918,4.05,#N/A
38_ADC039,13187,19.63,#N/A
38_ADC039,13519,2.8,#N/A
38_ADC039,14715,0.56,#N/A
38_ADC039,35504,0.35,#N/A
38_ADC039,45046,4,#N/A
38_ADC039,44300,19.1,#N/A
38_ADC040,13013,6.6,#N/A
38_ADC040,13240,0.5,#N/A
38_ADC040,20641,1.7,#N/A
38_ADC040,25336,5.1,#N/A
38_ADC040,36493,2,#N/A
38_ADC040,29340,0.6,#N/A
3900532,15804.1531,7,COLORADO RIVER
3900532,27004.1531,2,COLORADO RIVER
3900532,39686,6.8,COLORADO RIVER
3900532,40016,2,COLORADO RIVER
3900532,99999.99999,999,COLORADO RIVER
3900537,12190,2.42,PARACHUTE CREEK
3900537,12474,2.96,PARACHUTE CREEK
3900537,13181,2.5,PARACHUTE CREEK
3900537,13639,0.8,PARACHUTE CREEK
3900537,14092,5,PARACHUTE CREEK
3900537,15120,2,PARACHUTE CREEK
3900537,99999.99999,999,PARACHUTE CREEK
3900539,12205,2.8,EAST ELK CREEK
3900539,12578,1.7,EAST ELK CREEK
3900539,16027.14881,2.4,EAST ELK CREEK
3900539,32959.25995,9.9,EAST ELK CREEK
3900540,16241.15813,15,EAST ELK CREEK
3900540,99999.99999,999,EAST ELK CREEK
3900546_D,17698.14366,2,PARACHUTE CREEK
3900546_D,25648.21854,0.12,PARACHUTE CREEK
3900546_D,31031.14001,1.33,PARACHUTE CREEK
3900546_D,31031.27818,5.69,PARACHUTE CREEK
3900546_D,31031.27818,3.09,PARACHUTE CREEK
3900546_D,50302,4.8,PARACHUTE CREEK
3900547,22605.21631,8.66,RIFLE CREEK
3900547,37503.36355,9.34,RIFLE CREEK
3900548,20527.17486,4,CANYON CREEK
3900548,31780.2275,11.2,CANYON CREEK
3900548,38167,19.8,CANYON CREEK
3900562,17699.14336,0.4,PARACHUTE CREEK
3900562,17699.16541,3.6,PARACHUTE CREEK
3900562,21523.18388,1,PARACHUTE CREEK
3900562,21523.18936,1.6,PARACHUTE CREEK
3900562,31031.27818,6.09,PARACHUTE CREEK
3900562,99999.99999,999,PARACHUTE CREEK
3900563,15458.13715,100,EAST RIFLE CREEK
3900563,37503.15066,24,EAST RIFLE CREEK
3900563,99999.99999,0,EAST RIFLE CREEK
3900563_I,37503.15068,0,EAST RIFLE CREEK
3900574,11823,1.2,RIFLE CREEK
3900574,12522,1.4,RIFLE CREEK
3900574,12889,0,RIFLE CREEK
3900574,12889,4,RIFLE CREEK
3900574,13285,0.21,RIFLE CREEK
3900574,13468,0.6,RIFLE CREEK
3900574,13484,11.8,RIFLE CREEK
3900574,13605,4,RIFLE CREEK
3900574,13915,2.5,RIFLE CREEK
3900574,21661.20003,0.8,RIFLE CREEK
3900574,58439.47056,2,RIFLE CREEK
3900585,12889,1,EAST RIFLE CREEK
3900585,13286,1.4,EAST RIFLE CREEK
3900585,13381,1.2,EAST RIFLE CREEK
3900585,13649,0.4,EAST RIFLE CREEK
3900585,14010,0.65,EAST RIFLE CREEK
3900585,15458.1401,2.05,EAST RIFLE CREEK
3900590,15799.15291,2.4,PARACHUTE CREEK
3900590,31031.27818,10.57,PARACHUTE CREEK
3900590,99999.99999,999,PARACHUTE CREEK
3900610,13518,5,PARACHUTE CREEK
3900610,13971,9,PARACHUTE CREEK
3900610,17699.1436,1.6,PARACHUTE CREEK
3900610,31031.27818,12.34,PARACHUTE CREEK
3900610,99999.99999,999,PARACHUTE CREEK
3900612,13596,3.03,COLORADO RIVER
3900612,14147,50,COLORADO RIVER
3900612,99999.99999,999,COLORADO RIVER
3900635,13181,1,PARACHUTE CREEK
3900635,13971,3.6,PARACHUTE CREEK
3900635,15436.14725,1.3,PARACHUTE CREEK
3900635,15436.15288,1.6,PARACHUTE CREEK
3900635,31031.27818,19.72,PARACHUTE CREEK
3900635,99999.99999,999,PARACHUTE CREEK
3900638,19306.17802,25.6,EAST ELK CREEK
3900638,32959.25995,2.2,EAST ELK CREEK
3900638,51134.50948,0.3,EAST ELK CREEK
3900638,99999.99999,999,EAST ELK CREEK
3900645,11823,0.8,RIFLE CREEK
3900645,12122,3.8,RIFLE CREEK
3900645,12362,1.6,RIFLE CREEK
3900645,12522,0.6,RIFLE CREEK
3900645,13195,3,RIFLE CREEK
3900645,13285,0.3,RIFLE CREEK
3900645,13468,14.88,RIFLE CREEK
3900645,13484,0.1,RIFLE CREEK
3900645,15667.13771,1.3,RIFLE CREEK
3900645,15799.15019,1.5,RIFLE CREEK
3900645,16241.14728,0.6,RIFLE CREEK
3900645,18613.15071,2,RIFLE CREEK
3900645,31785.19549,10,RIFLE CREEK
3900645,34515,0.5,RIFLE CREEK
3900645,99999.99999,999,RIFLE CREEK
3900663,39041,36,COLORADO RIVER
3900672,12122,0.8,MAIN ELK CREEK
3900672,22621.18576,2.76,MAIN ELK CREEK
3900672,22974.21982,1.4,MAIN ELK CREEK
3900672,23051.21982,4.16,MAIN ELK CREEK
3900672,32959.25995,11.88,MAIN ELK CREEK
3900672,99999.99999,999,MAIN ELK CREEK
3900687,12327,5,ELK CREEK
3900687,13209,10.25,ELK CREEK
3900687,14001,5.47,ELK CREEK
3900687,17480.1691,1.6,ELK CREEK
3900687,17486.16864,0.2,ELK CREEK
3900687,18613.17813,3.58,ELK CREEK
3900687,32959.25995,21.19,ELK CREEK
3900687,99999.99999,999,ELK CREEK
3900701,18748,3.7,EAST ELK CREEK
3900701,23385.19457,0.3,EAST ELK CREEK
3900701,32959.25995,6.2,EAST ELK CREEK
3900710,37503.36531,94,COLORADO RIVER
3900712,37503.36991,100,COLORADO RIVER
3900728,36204,118.5,COLORADO RIVER
3900825,13223,3,CANYON CREEK
3900825,20527.18592,1.7,CANYON CREEK
3900825,21814.13644,1,CANYON CREEK
3900825,21814.1655,0.6,CANYON CREEK
3900825,21814.21659,1.9,CANYON CREEK
3900825,25569.13954,1.5,CANYON CREEK
3900825,31780.22035,5,CANYON CREEK
3900825,31780.2275,7,CANYON CREEK
3900825,33978.3388,5.5,CANYON CREEK
3900825,35551,2.52,CANYON CREEK
3900825,99999.99999,999,CANYON CREEK
3900967,32780,1,COLORADO RIVER
3900967,36195,7.5,COLORADO RIVER
3900990,12122,0.2,RIFLE CREEK
3900990,12889,0.89,RIFLE CREEK
3900990,13195,1,RIFLE CREEK
3900990,13468,0.52,RIFLE CREEK
3900990,13484,0.1,RIFLE CREEK
3900990,13629,1.95,RIFLE CREEK
3900990,13713,2,RIFLE CREEK
3903505_I,39041.00007,0,HARVEY GAP
39_ADC041,13119,20.1,#N/A
39_ADC041,15430,14.6,#N/A
39_ADC041,14408,5.07,#N/A
39_ADC041,25419,2.95,#N/A
39_ADC041,26006,54.7,#N/A
39_ADC041,40308,0.5,#N/A
39_ADC041,29857,2.5,#N/A
39_ADC041,17364,1.11,#N/A
39_ADC045,13124,33.6,#N/A
39_ADC045,14570,12,#N/A
39_ADC045,16685,3.06,#N/A
39_ADC045,15130,1.3,#N/A
39_ADC045,30260,5.3,#N/A
39_ADC045,22279,5.2,#N/A
4200520,39103,18.6,COLORADO RIVER
4200541,22283.203,610,COLORADO RIVER
4200541,34419.33414,80,COLORADO RIVER
4200541,52869,100,COLORADO RIVER
4200541_I,22283.203,60,COLORADO RIVER
4200541_I,34419.33414,80,COLORADO RIVER
4200541_I,99999.99999,999,COLORADO RIVER
4500514,12582,1.67,BATTLEMENT CREEK
4500514,12936,6.67,BATTLEMENT CREEK
4500514,13673,3,BATTLEMENT CREEK
4500514,13716,3.33,BATTLEMENT CREEK
4500514,15307.15116,2,BATTLEMENT CREEK
4500514,19811.12582,1.17,BATTLEMENT CREEK
4500514,57708.53833,3.06,BATTLEMENT CREEK
4500572,12178,1.2,BALDY CREEK
4500572,12585,1.8,BALDY CREEK
4500572,33097.32262,3.27,BALDY CREEK
4500572,33099.32262,3.28,BALDY CREEK
4500572,48365,2.8,BALDY CREEK
4500576_D,19805.18387,150,WEST DIVIDE CREEK
4500576_D,22020.2024,0.9,WEST DIVIDE CREEK
4500576_D,30170.18752,5,WEST DIVIDE CREEK
4500584,11909,4,EAST DIVIDE CREEK
4500584,12919,6,EAST DIVIDE CREEK
4500584,30170.11909,0.83,EAST DIVIDE CREEK
4500584,30170.13011,0.83,EAST DIVIDE CREEK
4500584,30170.22736,2.5,EAST DIVIDE CREEK
4500584,30170.22738,11.08,EAST DIVIDE CREEK
4500616,12743,2,CACHE CREEK
4500616,13454,2.33,CACHE CREEK
4500616,13583,3.54,CACHE CREEK
4500616,18578.15982,0.5,CACHE CREEK
4500616,19544.12743,0.83,CACHE CREEK
4500616,21523.18779,2.14,CACHE CREEK
4500616,23475.20544,0.22,CACHE CREEK
4500616,24551.21731,0.33,CACHE CREEK
4500616,99999.99999,999,CACHE CREEK
4500632_D,12998,1.67,CACHE CREEK
4500632_D,13284,5.27,CACHE CREEK
4500632_D,13327,3.97,CACHE CREEK
4500632_D,19544.12998,0.83,CACHE CREEK
4500632_D,19812.16156,2,CACHE CREEK
4500632_D,21366.19113,2.67,CACHE CREEK
4500632_D,24241.23579,1.25,CACHE CREEK
4500635,13103,3,GARFIELD CREEK
4500635,13605,1.67,GARFIELD CREEK
4500635,33099.32262,11.47,GARFIELD CREEK
4500638,12844,1.67,BATTLEMENT CREEK
4500638,13583,4.5,BATTLEMENT CREEK
4500638,13907,5,BATTLEMENT CREEK
4500638,17367.1409,1,BATTLEMENT CREEK
4500638,19673.12844,0.83,BATTLEMENT CREEK
4500638,51134.12844,0.03,BATTLEMENT CREEK
4500648,24052.13641,0.4,BALDY CREEK
4500648,33099.32262,8.34,BALDY CREEK
4500648,54786.48723,2.61,BALDY CREEK
4500668,13596,47.82,COLORADO RIVER
4500668,52230.48303,7,COLORADO RIVER
4500668,99999.99999,999,COLORADO RIVER
4500675,13234,0.67,DIVIDE CREEK
4500675,13623,0.83,DIVIDE CREEK
4500675,19807.17105,2.28,DIVIDE CREEK
4500675,19833.17105,1.6,DIVIDE CREEK
4500675,30170.13234,0.83,DIVIDE CREEK
4500675,30170.22738,3.78,DIVIDE CREEK
4500685,12488,1.67,MIDDLE MAMM CREEK
4500685,13270,3.33,MIDDLE MAMM CREEK
4500685,13612,6.17,MIDDLE MAMM CREEK
4500685,99999.99999,999,MIDDLE MAMM CREEK
4500693_D,11833,0.25,DIVIDE CREEK
4500693_D,11950,0.17,DIVIDE CREEK
4500693_D,12174,1.58,DIVIDE CREEK
4500693_D,12512,1,DIVIDE CREEK
4500693_D,13926,0.53,DIVIDE CREEK
4500693_D,19047.15811,10,DIVIDE CREEK
4500693_D,21052.18784,0.8,DIVIDE CREEK
4500693_D,27154.25292,0.48,DIVIDE CREEK
4500693_D,34825.30071,1.88,DIVIDE CREEK
4500693_D,37681.28277,5.38,DIVIDE CREEK
4500693_D,37681.34454,5,DIVIDE CREEK
4500693_D,41799,5,DIVIDE CREEK
4500704,25758.20697,49,WEST DIVIDE CREEK
4500704,53325.22482,0.75,WEST DIVIDE CREEK
4500704,99999.99999,999,WEST DIVIDE CREEK
4500705,11484,2.83,BALDY CREEK
4500705,12175,1.5,BALDY CREEK
4500705,12534,4,BALDY CREEK
4500705,33099.32262,8.82,BALDY CREEK
4500705,54056.48729,3,BALDY CREEK
4500705,54056.50541,1,BALDY CREEK
4500705,58074.48356,10,BALDY CREEK
4500725,13072,3.42,WEST DIVIDE CREEK
4500725,13798,8.83,WEST DIVIDE CREEK
4500725,20196.16192,12.25,WEST DIVIDE CREEK
4500725,20416.18397,16.67,WEST DIVIDE CREEK
4500725,30170.22738,18.83,WEST DIVIDE CREEK
4500725,52595.51742,1.25,WEST DIVIDE CREEK
4500725,52595.52534,1.25,WEST DIVIDE CREEK
4500743,12392,3.33,COLORADO RIVER
4500743,13484,8.5,COLORADO RIVER
4500743,37725,9,COLORADO RIVER
4500743,53691.53095,0.03,COLORADO RIVER
4500743,99999.99999,999,COLORADO RIVER
4500749,20797.16162,0.87,GARFIELD CREEK
4500749,20797.17653,2,GARFIELD CREEK
4500749,21590.20574,4,GARFIELD CREEK
4500749,33099.32262,12.63,GARFIELD CREEK
4500788,21590.20574,1.9,GARFIELD CREEK
4500788,23490.22187,3.2,GARFIELD CREEK
4500788,99999.99999,999,GARFIELD CREEK
4500790,13010,5,EAST DIVIDE CREEK
4500790,13249,5.25,EAST DIVIDE CREEK
4500790,21323.19097,0.08,EAST DIVIDE CREEK
4500790,21323.19832,12.73,EAST DIVIDE CREEK
4500790,23704.19832,1.2,EAST DIVIDE CREEK
4500790,30170.1301,0.42,EAST DIVIDE CREEK
4500790,30170.13012,0.42,EAST DIVIDE CREEK
4500790,30170.22738,24.58,EAST DIVIDE CREEK
4500790,58074.51408,2,EAST DIVIDE CREEK
4500790,58439.52534,1.5,EAST DIVIDE CREEK
4500793,12993,1.5,BEAVER CREEK
4500793,13576,8.5,BEAVER CREEK
4500793,18881,1.2,BEAVER CREEK
4500793,19047.18881,4.8,BEAVER CREEK
4500793,44925.36159,16.6,BEAVER CREEK
4500793,99999.99999,999,BEAVER CREEK
4500810,12921,2,DIVIDE CREEK
4500810,13923,2.92,DIVIDE CREEK
4500810,30170.12512,0.83,DIVIDE CREEK
4500810,30170.22738,4.17,DIVIDE CREEK
4500818,13090,5.17,WEST DIVIDE CREEK
4500818,13816,2.92,WEST DIVIDE CREEK
4500818,19719.16527,2.8,WEST DIVIDE CREEK
4500818,99999.99999,999,WEST DIVIDE CREEK
4500861,22729.13971,14.39,COLORADO RIVER
4500861,30895.13971,10.4,COLORADO RIVER
4500861,43829.36889,12.5,COLORADO RIVER
4500861,99999.99999,999,COLORADO RIVER
4500969,22729.16437,39.11,COLORADO RIVER
4500969,30895.16437,25,COLORADO RIVER
4500969,30895.23496,16.89,COLORADO RIVER
4500969,43829.36889,25,COLORADO RIVER
45_ADC042,12467,7.68,#N/A
45_ADC042,15669,15.99,#N/A
45_ADC042,16653,17.54,#N/A
45_ADC042,21488,1.7,#N/A
45_ADC042,22652,8.6,#N/A
45_ADC042,31484,41.51,#N/A
45_ADC042,39761,3,#N/A
45_ADC042,44404,12.13,#N/A
45_ADC043,12792,3.5,#N/A
45_ADC043,17016,6.64,#N/A
45_ADC043,19468,21.2,#N/A
45_ADC043,22256,25.17,#N/A
45_ADC043,23535,0.78,#N/A
45_ADC043,34546,30.49,#N/A
45_ADC043,40481,2.5,#N/A
45_ADC043,45051,10,#N/A
45_ADC043,47237,3,#N/A
45_ADC043,41219,1,#N/A
45_ADC044,12879,26.71,#N/A
45_ADC044,18394,12.73,#N/A
45_ADC044,16123,3.33,#N/A
45_ADC044,42649,4.81,#N/A
45_ADC044,43098,9.92,#N/A
45_ADC044,44740,6.05,#N/A
45_ADC046,13206,19.4,#N/A
45_ADC046,18529,4.67,#N/A
45_ADC046,20058,5,#N/A
45_ADC046,18353,1.1,#N/A
45_ADC046,31885,2.25,#N/A
45_ADC046,18808,0.07,#N/A
45_ADC046,51433,0.06,#N/A
45_ADC047,13453,23.41,#N/A
45_ADC047,16222,6.62,#N/A
45_ADC047,17954,5.8,#N/A
45_ADC047,22425,3.48,#N/A
45_ADC047,32815,8,#N/A
45_ADC047,24591,2.16,#N/A
45_ADC047,42510,2.06,#N/A
45_ADC047,99999.99999,999,#N/A
45_ADC048,13270,46.11,#N/A
45_ADC048,16506,21.25,#N/A
45_ADC048,20722,24.07,#N/A
45_ADC048,21672,12.2,#N/A
45_ADC048,27604,15.61,#N/A
45_ADC048,29817,24,#N/A
45_ADC048,40298,2,#N/A
45_ADC048,31774,3.5,#N/A
45_ADC048,46064,6.8,#N/A
5000517,15492,2.9,TROUBLESOME CREEK
5000517,33435.15491,9,TROUBLESOME CREEK
5000526,12196,8.67,TROUBLESOME CREEK
5000526,31393.25672,10,TROUBLESOME CREEK
5000539,13300,7.33,TROUBLESOME CREEK
5000539,20676.19665,12,TROUBLESOME CREEK
5000539,99999.99999,999,TROUBLESOME CREEK
5000574,12209,6.23,RED DIRT CREEK
5000574,12950,11,RED DIRT CREEK
5000574,19844,4,RED DIRT CREEK
5000574,21973,2,RED DIRT CREEK
5000574,31393.2508,8.8,RED DIRT CREEK
5000576,40028,75,EAST FORK TROUBLESOME CREEK
5000582,12209,4.45,RED DIRT CREEK
5000582,13083,7.75,RED DIRT CREEK
5000582,99999.99999,999,RED DIRT CREEK
5000585,12904,0.5,PASS CREEK
5000585,13260,0.25,PASS CREEK
5000585,18519,2,PASS CREEK
5000585,18580,9.65,PASS CREEK
5000585,19267,4,PASS CREEK
5000585,19597,2.25,PASS CREEK
5000585,19650,3.5,PASS CREEK
5000585,22494.1966,1.5,PASS CREEK
5000585,22494.20897,0.5,PASS CREEK
5000585,22494.20968,0.5,PASS CREEK
5000585,22494.2097,0.5,PASS CREEK
5000585,22494.21699,0.5,PASS CREEK
5000585,22494.21701,1,PASS CREEK
5000585,27960.23921,0.28,PASS CREEK
5000593,15494,2.45,TROUBLESOME CREEK
5000593,21853,75,TROUBLESOME CREEK
5000598,21358,3.88,EAST FORK TROUBLESOME CREEK
5000598,33435.24258,3.13,EAST FORK TROUBLESOME CREEK
5000598,33435.33389,8.88,EAST FORK TROUBLESOME CREEK
5000601,13330,7,LITTLE MUDDY CREEK
5000601,14791,9,LITTLE MUDDY CREEK
5000601,31393.31206,15,LITTLE MUDDY CREEK
5000606,15494,0.75,TROUBLESOME CREEK
5000606,16756,10,TROUBLESOME CREEK
5000606,19509,3,TROUBLESOME CREEK
5000606,20382,14,TROUBLESOME CREEK
5000606,20676.20588,5,TROUBLESOME CREEK
5000606,22494.22085,3,TROUBLESOME CREEK
5000606,33070,62.25,TROUBLESOME CREEK
5000612,32335.11971,12,COLORADO RIVER
5000613,32335.11677,12,COLORADO RIVER
5000617,22494.22423,36,RED DIRT CREEK
5000617,49403,36,RED DIRT CREEK
5000627,12784,5,PASS CREEK
5000627,31393.25688,5,PASS CREEK
5000627,99999.99999,999,PASS CREEK
5000628,22494.21754,7,TROUBLESOME CREEK
5000628,23190,2.5,TROUBLESOME CREEK
5000628,99999.99999,999,TROUBLESOME CREEK
5000632,11780,7.33,TROUBLESOME CREEK
5000632,33435.18018,3.67,TROUBLESOME CREEK
5000653_D,12174,18.64,TROUBLESOME CREEK
5000653_D,21397,41.36,TROUBLESOME CREEK
5000654,14509,23.5,TROUBLESOME CREEK
5000654,99999.99999,999,TROUBLESOME CREEK
5000656,12646,3.3,MUDDY CREEK
5000656,31393.25672,3.33,MUDDY CREEK
5000656,32335.25672,5,MUDDY CREEK
5000656,99999.99999,999,MUDDY CREEK
5000731,20676.19665,12,WASTE CREEK
5000731,99999.99999,999,WASTE CREEK
5000734_D,30506.14397,15,MUDDY CREEK
5000734_D,33025,51.75,MUDDY CREEK
5000734_D,99999.99999,999,MUDDY CREEK
5000744,47827,18.4,MUDDY CREEK
5003668FR,99999,0,MUDDY CREEK
5003668HU,99999.99999,0,MUDDY CREEK
5003668MK,99999,0,MUDDY CREEK
5003668MP,99999,0,MUDDY CREEK
50_ADC012,12810,31.83,#N/A
50_ADC012,16644,11.08,#N/A
50_ADC012,19179,5,#N/A
50_ADC012,23963,5.75,#N/A
50_ADC012,31577,2,#N/A
50_ADC012,18478,43.54,#N/A
50_ADC012,99999.99999,999,#N/A
50_ADC013,13728,12.9,#N/A
50_ADC013,17587,4,#N/A
50_ADC013,16407,12.5,#N/A
50_ADC013,25020,5.3,#N/A
50_ADC013,13591,9,#N/A
50_ADC013,32506,1,#N/A
50_ADC013,32310,17.2,#N/A
50_ADC014,12739,10.88,#N/A
50_ADC014,16173,4.25,#N/A
50_ADC014,18785,27.75,#N/A
50_ADC014,26113,1.25,#N/A
50_ADC014,26449,4,#N/A
50_ADC014,14580,31.75,#N/A
50_ADC014,40176,1,#N/A
50_ADC014,51191,2.3,#N/A
50_ADC015,13247,3,#N/A
50_ADC015,15776,7.25,#N/A
50_ADC015,21520,23.75,#N/A
50_ADC015,22739,28.6,#N/A
50_ADC016,13665,1.38,#N/A
50_ADC016,17250,9.25,#N/A
50_ADC016,18869,11.75,#N/A
50_ADC016,23178,2.13,#N/A
50_ADC016,26074,6.48,#N/A
50_ADC016,54377,8.25,#N/A
50_ADC016,99999.99999,999,#N/A
50_ADC020,22852,7.3,#N/A
50_ADC020,19425,26,#N/A
5100529_D,16588,30,WILLIAMS FORK
5100529_D,19394,120,WILLIAMS FORK
5100529_D,19967,111,WILLIAMS FORK
5100546,20676.13665,22.82,WILLOW CREEK
5100546,31257.99998,14.14,WILLOW CREEK
5100546,31257.99999,8.04,WILLOW CREEK
5100546,99999.99999,999,WILLOW CREEK
5100585,20676.14748,20.88,COLORADO RIVER
5100585,20676.18582,0.21,COLORADO RIVER
5100585,21304,9.15,COLORADO RIVER
5100585,99999.99999,999,COLORADO RIVER
5100594,14380,7.97,CROOKED CREEK
5100594,16930,7.22,CROOKED CREEK
5100594,37772,10,CROOKED CREEK
5100594,58074.55304,0.03,CROOKED CREEK
5100629,20676.13284,2.5,COLORADO RIVER
5100629,23454.23288,0.88,COLORADO RIVER
5100629,33433.33149,11.03,COLORADO RIVER
5100639,30870.26117,75,FRASER RIVER
5100660,15127,2,SAINT LOUIS CREEK
5100660,20676.19875,1,SAINT LOUIS CREEK
5100660,38240,2.28,SAINT LOUIS CREEK
5100660,45290.37805,0.5,SAINT LOUIS CREEK
5100660,99999.99999,999,SAINT LOUIS CREEK
5100686,20676.12296,9.75,FRASER RIVER
5100686,34241.12296,2,FRASER RIVER
5100699,12053,12,FRASER RIVER
5100699,99999.99999,999,FRASER RIVER
5100700,12296,8,SAINT LOUIS CREEK
5100700,20676.12266,3,SAINT LOUIS CREEK
5100728,31259.30133,70,HAMILTON CREEK
5100763,20676.13818,11,COLORADO RIVER
5100763,33063.12023,24,COLORADO RIVER
5100763,33433.33151,10,COLORADO RIVER
5100763,34241.18263,2,COLORADO RIVER
5100763,34241.18263,8,COLORADO RIVER
5100763,34241.18263,10,COLORADO RIVER
5100763,99999.99999,999,COLORADO RIVER
5100788,19635,14.5,WILLIAMS FORK
5100788,26429,11.5,WILLIAMS FORK
5100810,22061,25,CORRAL CREEK
5100826,12904,3,FRASER RIVER
5100826,14245,3.75,FRASER RIVER
5100826,18627,3.25,FRASER RIVER
5100826,34241.29417,6,FRASER RIVER
5100829,14056,4,SAINT LOUIS CREEK
5100829,20676.14056,1,SAINT LOUIS CREEK
5100829,99999.99999,999,SAINT LOUIS CREEK
5100831,20676.11504,2,FRASER RIVER
5100831,20676.12919,6.9,FRASER RIVER
5100831,34241.11504,2,FRASER RIVER
5100831,99999.99999,999,FRASER RIVER
5100848,18941,150,COLORADO RIVER
5100858,23454.22456,8.5,CORRAL CREEK
5100858,30870.27453,3.5,CORRAL CREEK
5100858,34241.25719,2,CORRAL CREEK
5100876,99999.99999,999,FRASER RIVER
5100880_D,20676.14015,7.75,COLORADO RIVER
5100880_D,33663.14015,7,COLORADO RIVER
5100880_D,37566.3599,10,COLORADO RIVER
5100880_D,99999.99999,999,COLORADO RIVER
5100883,20676.12784,3.75,COLORADO RIVER
5100883,30870.23496,5,COLORADO RIVER
5100883,34638,10,COLORADO RIVER
5100883,99999.99999,999,COLORADO RIVER
5100893,15129,10,COLORADO RIVER
5100893,20676.1473,5,COLORADO RIVER
5100893,21670,2.13,COLORADO RIVER
5100893,30870.2097,4,COLORADO RIVER
5100893,30870.21336,3,COLORADO RIVER
5100893,99999.99999,999,COLORADO RIVER
5100924,21125,76.8,LITTLE MUDDY CREEK
5100934,12942,5.7,TRAIL CREEK
5100934,31350,4,TRAIL CREEK
5100934,99999.99999,999,TRAIL CREEK
5100939,13667,3,COLORADO RIVER
5100939,36280,2,COLORADO RIVER
5100939,39095.3628,9.5,COLORADO RIVER
5100939,99999.99999,999,COLORADO RIVER
5100941,21814,63.5,STRAWBERRY CREEK
5100948,19410,20,STRAWBERRY CREEK
5100958,31258,400,WILLOW CREEK
5101070,99999.99999,999,WILLIAMS FORK
5101148,34241.18263,13.84,COLORADO RIVER
5101149,34241.18263,13.84,COLORADO RIVER
5101231,21814.00001,131.88,MEADOW CREEK
5101237,39095.38998,295,WILLIAMS FORK
5101269,30870.26117,180,RANCH CREEK
5101309_D,30870.26117,25.22,SAINT LOUIS CREEK
5101309_D,30870.26117,214,SAINT LOUIS CREEK
5101310,30870.26117,105,VASQUEZ CREEK
5103709HU,99999.99999,0,WILLIAMS FORK
5104601,14854,524.6,COLORADO RIVER
5104603,30870.26117,214,COLORADO RIVER
5104625,20676.19173,53.4,FRASER RIVER
5104634,31258,550,EAST INLET
5104655,99999.99999,0,EAST INLET
5104700,47671.00001,300,COLORADO RIVER
5104700,47671.00002,100,COLORADO RIVER
5104700,47671.00003,200,COLORADO RIVER
51_ADC001,14420,4.33,#N/A
51_ADC001,15754,16.17,#N/A
51_ADC001,20642,20.2,#N/A
51_ADC001,34681,3.91,#N/A
51_ADC001,27659,5.6,#N/A
51_ADC001,99999.99999,999,#N/A
51_ADC002,12580,16.14,#N/A
51_ADC002,19904,3,#N/A
51_ADC002,14458,1.5,#N/A
51_ADC002,23531,6.23,#N/A
51_ADC002,26098,7.32,#N/A
51_ADC002,99999.99999,999,#N/A
51_ADC003,14001,8,#N/A
51_ADC003,18520,10.5,#N/A
51_ADC003,21565,8.25,#N/A
51_ADC003,29371,4.75,#N/A
51_ADC003,99999.99999,999,#N/A
51_ADC004,13359,19.63,#N/A
51_ADC004,17863,13.5,#N/A
51_ADC004,14292,3,#N/A
51_ADC004,31928,1.5,#N/A
51_ADC004,41027,3,#N/A
51_ADC004,50403,2,#N/A
51_ADC005,13064,48.08,#N/A
51_ADC005,18358,3.5,#N/A
51_ADC005,18790,2.5,#N/A
51_ADC005,21291,4,#N/A
51_ADC005,29963,13.85,#N/A
51_ADC005,41027,2,#N/A
51_ADC006,13601,3,#N/A
51_ADC006,13001,8.88,#N/A
51_ADC006,26746,4,#N/A
51_ADC006,22339,21.3,#N/A
51_ADC006,36280,1,#N/A
51_ADC006,28877,2,#N/A
51_ADC006,99999.99999,999,#N/A
51_ADC007,13110,4.75,#N/A
51_ADC007,19787,2.5,#N/A
51_ADC007,22916,13.75,#N/A
51_ADC007,26953,19.48,#N/A
51_ADC007,41527,6.8,#N/A
51_ADC007,45076,1,#N/A
51_ADC007,32506,1,#N/A
51_ADC007,99999.99999,999,#N/A
51_ADC008,12443,11.7,#N/A
51_ADC008,19425,2,#N/A
51_ADC008,18510,14.38,#N/A
51_ADC008,44873,11.25,#N/A
51_ADC008,99999.99999,999,#N/A
51_ADC009,14380,3.25,#N/A
51_ADC009,17318,2,#N/A
51_ADC009,17670,33.75,#N/A
51_ADC009,22124,3.38,#N/A
51_ADC009,29403,8,#N/A
51_ADC010,12062,4.75,#N/A
51_ADC010,16192,2.5,#N/A
51_ADC010,15953,22.21,#N/A
51_ADC010,22203,9.87,#N/A
51_ADC011,12929,6.25,#N/A
51_ADC011,18074,15.39,#N/A
51_ADC011,24267,13,#N/A
51_ADC011,29927,13.5,#N/A
51_ADC011,52852,7.5,#N/A
51_ADC011,99999.99999,999,#N/A
5200559,13635,2.8,SHEEPHORN CREEK
5200559,19790.18414,0.5,SHEEPHORN CREEK
5200559,29437.21701,8.51,SHEEPHORN CREEK
5200559,99999.99999,999,SHEEPHORN CREEK
5200572,14411,1.6,SHEEPHORN CREEK
5200572,19790.14429,2.4,SHEEPHORN CREEK
5200572,24262.24262,2.7,SHEEPHORN CREEK
5200572,29437.21002,5.94,SHEEPHORN CREEK
5200658,12407,4,SHEEPHORN CREEK
5200658,13825,1.8,SHEEPHORN CREEK
5200658,29437.28258,10.88,SHEEPHORN CREEK
5200658,99999.99999,999,SHEEPHORN CREEK
5200731,13985,0.5,COLORADO RIVER
5200731,14774,4.8,COLORADO RIVER
5200731,20427.19244,9.9,COLORADO RIVER
52_ADC021,14047,24,#N/A
52_ADC021,17696,18.5,#N/A
52_ADC021,17152,17.1,#N/A
52_ADC021,23551,79.1,#N/A
52_ADC021,31267,3.22,#N/A
52_ADC021,27529,35.28,#N/A
52_ADC021,42694,10.35,#N/A
52_ADC027,13593,4.2,#N/A
52_ADC027,14857,6.4,#N/A
52_ADC027,21275,3,#N/A
52_ADC027,27205,39.93,#N/A
52_ADC027,34033,23.63,#N/A
52_ADC027,40393,6,#N/A
52_ADC027,36675,4,#N/A
52_ADC027,49716,2,#N/A
5300555_D,12656,2.5,DERBY CREEK
5300555_D,12659,24,DERBY CREEK
5300555_D,33023.273,5.5,DERBY CREEK
5300555_D,47481.12655,4,DERBY CREEK
5300555_D,99999.99999,999,DERBY CREEK
5300584,20427.18999,1250,HORSE CREEK
5300584,33023.28989,158,HORSE CREEK
5300585,19573.1368,12,NO NAME CREEK
5300585,33023.31607,3,NO NAME CREEK
5300621,14807,3.2,EGERIA CREEK
5300621,35686,12.8,EGERIA CREEK
5300632,20660,1.9,SWEETWATER CREEK
5300632,26327.2351,2,SWEETWATER CREEK
5300632,99999.99999,999,SWEETWATER CREEK
5300657,20314.19318,25,ROCK CREEK
5300678,27925.24026,31.76,SOUTH FORK DERBY CREEK
5300767_D,20427.19252,11.3,SWEETWATER CREEK
5300767_D,35205,3,SWEETWATER CREEK
5300767_D,37753,6,SWEETWATER CREEK
5300780,22232.21807,3.1,DERBY CREEK
5300780,22705,11.93,DERBY CREEK
5300780,37513,6.37,DERBY CREEK
5300783,26107.23121,2,EGERIA CREEK
5300783,99999.99999,999,EGERIA CREEK
5300800,15928,28.8,DERBY CREEK
5300800,37773,3.2,DERBY CREEK
5300883,20427.19199,8.7,RED DIRT CREEK
5300883,33023.26662,3,RED DIRT CREEK
5301051,20427.19858,8,GRIZZLY CREEK
5301051,33023.31607,3,GRIZZLY CREEK
5301051,19573.1368,12,GRIZZLY CREEK
5301082,25376.18808,4.8,EGERIA CREEK
53_ADC022,12237,4,#N/A
53_ADC022,17237,3.57,#N/A
53_ADC022,19143,1.6,#N/A
53_ADC022,16240,4.42,#N/A
53_ADC022,20235,8,#N/A
53_ADC023,12876,20.3,#N/A
53_ADC023,19488,1.6,#N/A
53_ADC023,22460,1.38,#N/A
53_ADC023,23525,6.55,#N/A
53_ADC024,13614,14,#N/A
53_ADC024,1,9.87,#N/A
53_ADC024,23121,1.37,#N/A
53_ADC024,16437,5,#N/A
53_ADC024,19722,5.25,#N/A
53_ADC024,42131,4.78,#N/A
53_ADC024,45941,7,#N/A
53_ADC024,99999.99999,999,#N/A
53_ADC025,13699,10.6,#N/A
53_ADC025,14333,4.3,#N/A
53_ADC025,23131,7.6,#N/A
53_ADC025,36705,3,#N/A
53_ADC025,42558,4,#N/A
53_ADC026,13983,10.91,#N/A
53_ADC026,17631,8.8,#N/A
53_ADC026,16974,7.6,#N/A
53_ADC026,25515,3,#N/A
53_ADC026,27519,25.7,#N/A
53_ADC026,30801,6,#N/A
53_ADC026,28762,2,#N/A
53_ADC026,42976,3.8,#N/A
53_ADC028,13487,54.76,#N/A
53_ADC028,32904,34.1,#N/A
53_ADC028,43934,2.5,#N/A
53_ADC028,48293,4.4,#N/A
53_ADC028,99999.99999,999,#N/A
53_ADC032,14076,19.64,#N/A
53_ADC032,16780,23.63,#N/A
53_ADC032,20111,9.96,#N/A
53_ADC032,24998,28.7,#N/A
53_ADC032,31532,1.16,#N/A
53_ADC032,30835,55.02,#N/A
53_ADC032,41238,8,#N/A
53_ADC032,42885,3,#N/A
53_ADC032,44575,3.65,#N/A
53_ADC032,99999.99999,999,#N/A
7000520,37103,100,COLORADO RIVER
7000521,13248,7.3,CLEAR CREEK
7000521,13308,0.8,CLEAR CREEK
7000521,13437,1.6,CLEAR CREEK
7000521,13581,1.8,CLEAR CREEK
7000521,14001,0.8,CLEAR CREEK
7000521,27132.27059,38.13,CLEAR CREEK
7000530,12738,4,ROAN CREEK
7000530,13280,5,ROAN CREEK
7000530,13959,2.8,ROAN CREEK
7000530,27132.27059,21.2,ROAN CREEK
7000550,14911,9.7,ROAN CREEK
7000550,16162,0.6,ROAN CREEK
7000550,24792.22102,2,ROAN CREEK
7000550,99999.99999,999,ROAN CREEK
7000558,31787.31592,50,COLORADO RIVER
7000571,22965.21341,6.1,ROAN CREEK
7000571,27132.27059,5.46,ROAN CREEK
7000580,12477,6,ROAN CREEK
7000580,12712,1,ROAN CREEK
7000580,13223,3.3,ROAN CREEK
7000580,13535,15,ROAN CREEK
7000580,27132.27059,6.1,ROAN CREEK
7000580,43829.41943,6,ROAN CREEK
7000583_D,12672,7,ROAN CREEK
7000583_D,12712,1,ROAN CREEK
7000583_D,13468,3.5,ROAN CREEK
7000583_D,27132.27059,2.9,ROAN CREEK
7000583_D,54056.4252,1.45,ROAN CREEK
7000584,12705,2.6,ROAN CREEK
7000584,13195,4,ROAN CREEK
7000584,18313.13772,0.8,ROAN CREEK
7000584,99999.99999,999,ROAN CREEK
7000596,12641,2.25,CARR CREEK
7000596,13102,0.9,CARR CREEK
7000596,13634,1.13,CARR CREEK
7000596,27132.27059,9.98,CARR CREEK
70FD1,99999,0,#N/A
70FD2,99999,0,#N/A
70_ADC049,13282,25.2,#N/A
70_ADC049,17145,3,#N/A
70_ADC049,25855,80.01,#N/A
70_ADC049,27545,1.5,#N/A
70_ADC050,13429,24.4,#N/A
70_ADC050,21819,0.5,#N/A
70_ADC050,23066,28.44,#N/A
7200512_D,36706,10,COLORADO RIVER
7200512_D,55517.51768,10,COLORADO RIVER
7200514,14058,8.05,MESA CREEK
7200533,14122,13.16,BIG CREEK
7200533,14221,1.35,BIG CREEK
7200533,30895.14122,2.6,BIG CREEK
7200533,30895.24272,2.21,BIG CREEK
7200533,32811,7.43,BIG CREEK
7200533,99999.99999,999,BIG CREEK
7200542,1,45,MESA CREEK
7200557,30895.24262,4.08,BULL CREEK
7200557,30895.27168,1.04,BULL CREEK
7200557,31849,5.85,BULL CREEK
7200557,32811,1.82,BULL CREEK
7200558,12053,6.66,BULL CREEK
7200558,22729.18353,2,BULL CREEK
7200558,22995.15582,1.89,BULL CREEK
7200558,30895.13584,2,BULL CREEK
7200558,30895.23498,0.36,BULL CREEK
7200558,32811,3.13,BULL CREEK
7200558,54056.48882,0.5,BULL CREEK
7200574,14123,6.82,BIG CREEK
7200574,14149,2.13,BIG CREEK
7200574,14149,0.36,BIG CREEK
7200574,30895.14123,1.1,BIG CREEK
7200574,34419.32821,4.17,BIG CREEK
7200580,13129,0.25,KIMBALL CREEK
7200580,13162,1.96,KIMBALL CREEK
7200580,14122,3.49,KIMBALL CREEK
7200580,28269.21385,0.17,KIMBALL CREEK
7200580,30895.13496,1.5,KIMBALL CREEK
7200580,30895.24211,1.5,KIMBALL CREEK
7200580,32811,3.21,KIMBALL CREEK
7200580,99999.99999,999,KIMBALL CREEK
7200583,1,28,CHENEY CREEK
7200607,22995.16833,4.05,BIG CREEK
7200607,30895.24227,1.04,BIG CREEK
7200607,30895.24637,0.9,BIG CREEK
7200607,32811,2.21,BIG CREEK
7200616,22995.20605,4.09,PLATEAU CREEK
7200616,22995.22197,4.95,PLATEAU CREEK
7200616,30895.23583,0.45,PLATEAU CREEK
7200616,30895.24601,0.81,PLATEAU CREEK
7200616,30895.24957,1.04,PLATEAU CREEK
7200616,32811,4.52,PLATEAU CREEK
7200616,36746,20.5,PLATEAU CREEK
7200628,18749.14411,1.8,PLATEAU CREEK
7200628,22995.20157,3.6,PLATEAU CREEK
7200628,30895.14411,2.5,PLATEAU CREEK
7200628,30895.23636,3.69,PLATEAU CREEK
7200628,32811,4.04,PLATEAU CREEK
7200643,22995.14731,3.69,BIG CREEK
7200643,22995.17384,2.16,BIG CREEK
7200643,30895.14745,0.91,BIG CREEK
7200643,30895.23861,1.17,BIG CREEK
7200643,32811,3.14,BIG CREEK
7200643,34803,1.2,BIG CREEK
7200644,35476,23.38,BIG CREEK
7200645,22729.11922,520.81,COLORADO RIVER
7200645,30895.11922,300,COLORADO RIVER
7200645,30895.23491,119.47,COLORADO RIVER
7200645,99999.99999,999,COLORADO RIVER
7200646,22729.14519,80,COLORADO RIVER
7200646,22729.18536,10.2,COLORADO RIVER
7200646,22729.21116,450,COLORADO RIVER
7200646,22729.21241,730,COLORADO RIVER
7200646,30895.21241,800,COLORADO RIVER
7200646,30895.24988,23.5,COLORADO RIVER
7200646,22729.19544,40,COLORADO RIVER
7200646,99999.90009,400,COLORADO RIVER
7200646,100000.1,999,COLORADO RIVER
7200646_I,22729.14519,80,COLORADO RIVER
7200649,13030,2.13,GROVE CREEK
7200649,14149,5.4,GROVE CREEK
7200649,14149,0.36,GROVE CREEK
7200649,30895.16718,1,GROVE CREEK
7200649,30895.23515,2.6,GROVE CREEK
7200649,30895.24246,2.6,GROVE CREEK
7200649,34419.27528,3.41,GROVE CREEK
7200652,18749.14392,1.55,BUZZARD CREEK
7200652,22995.14392,3.49,BUZZARD CREEK
7200652,22995.17653,2.16,BUZZARD CREEK
7200652,30895.26449,0.52,BUZZARD CREEK
7200652,34419.25688,4.36,BUZZARD CREEK
7200703,18749.14154,11.07,PLATEAU CREEK
7200703,18749.15117,0.72,PLATEAU CREEK
7200703,18749.17653,0.27,PLATEAU CREEK
7200703,30895.14154,6,PLATEAU CREEK
7200703,30895.25322,2.1,PLATEAU CREEK
7200703,32811,8.04,PLATEAU CREEK
7200721,14149,4.21,BIG CREEK
7200721,14149,0.72,BIG CREEK
7200721,30895.14648,0.53,BIG CREEK
7200721,30895.24288,1.44,BIG CREEK
7200721,32811,2.85,BIG CREEK
7200729,22729.16376,0.24,BIG CREEK
7200729,22995.14397,2.16,BIG CREEK
7200729,22995.16556,2.16,BIG CREEK
7200729,30895.14416,0.5,BIG CREEK
7200729,30895.24227,1.39,BIG CREEK
7200729,32811,3.13,BIG CREEK
7200730_D,18749.18486,2.88,LEON CREEK
7200730_D,30895.23608,1.56,LEON CREEK
7200730_D,30895.25468,10.4,LEON CREEK
7200730_D,37037,18,LEON CREEK
7200731,14128,4.41,MESA CREEK
7200731,14138,2.25,MESA CREEK
7200731,18749.16588,2.02,MESA CREEK
7200731,30895.24255,1.04,MESA CREEK
7200731,30895.24256,3.77,MESA CREEK
7200731,30895.24262,0.52,MESA CREEK
7200731,32811,5.28,MESA CREEK
7200744,18749.14773,6.21,LEON CREEK
7200744,22995.19509,7.2,LEON CREEK
7200744,32811,3.33,LEON CREEK
7200746,37486,350,LEON CREEK
7200746,44194.43247,100,LEON CREEK
7200764,30895.29033,2.6,RAPID CREEK
7200764,34419.33723,4,RAPID CREEK
7200764,48942.48333,8,RAPID CREEK
7200764_I,48942.48333,8,RAPID CREEK
7200764_I,48942.48333,8,RAPID CREEK
7200766,12753,4.03,MESA CREEK
7200766,30895.12724,1.95,MESA CREEK
7200766,30895.2426,0.74,MESA CREEK
7200766,32811,2.12,MESA CREEK
7200766_I,12753,4.03,MESA CREEK
7200766_I,30895.12724,1.95,MESA CREEK
7200766_I,30895.2426,0.74,MESA CREEK
7200766_I,32811,2.12,MESA CREEK
7200784,13780,16.62,MESA CREEK
7200784,30895.12336,6.5,MESA CREEK
7200784,32811,0.84,MESA CREEK
7200799,13891,18.72,COTTONWOOD CREEK
7200799,14130,2.49,COTTONWOOD CREEK
7200799,22995.14154,1.44,COTTONWOOD CREEK
7200799,22995.1598,0.81,COTTONWOOD CREEK
7200799,30895.13098,5,COTTONWOOD CREEK
7200799,30895.24623,3.6,COTTONWOOD CREEK
7200799,50038.49281,1.41,COTTONWOOD CREEK
7200799,58804.58731,0.5,COTTONWOOD CREEK
7200807,99999.99999,999,BULL CREEK
7200813,22729.21116,0,COLORADO RIVER
7200813BP,30895.23492,1100,COLORADO RIVER
7200813BP,999998,1100,COLORADO RIVER
7200813CH,999999,640,COLORADO RIVER
7200813PP,99999.99999,0,COLORADO RIVER
7200813PW,99999.99999,0,COLORADO RIVER
7200816,12797,1.44,PLATEAU CREEK
7200816,14222,3.55,PLATEAU CREEK
7200818,13755,11.23,BIG CREEK
7200818,30895.12311,3,BIG CREEK
7200818,34419.12311,6,BIG CREEK
7200820_D,30895.23492,6.5,PLATEAU CREEK
7200820_D,41500,100,PLATEAU CREEK
7200821,22995.16192,2.11,COTTONWOOD CREEK
7200821,22995.17015,3.13,COTTONWOOD CREEK
7200821,30895.16206,0.78,COTTONWOOD CREEK
7200821,30895.27727,0.65,COTTONWOOD CREEK
7200823,14140,1.98,COTTONWOOD CREEK
7200823,22995.18407,3.1,COTTONWOOD CREEK
7200823,22995.20969,1.48,COTTONWOOD CREEK
7200823,30895.20953,1.5,COTTONWOOD CREEK
7200823,30895.2791,2.7,COTTONWOOD CREEK
7200823,32811,1.2,COTTONWOOD CREEK
7200831,13788,5.58,BULL CREEK
7200831,14149,1.27,BULL CREEK
7200831,14149,0.36,BULL CREEK
7200831,22995.14975,0.72,BULL CREEK
7200831,22995.16003,1.8,BULL CREEK
7200831,30895.16007,1.3,BULL CREEK
7200831,30895.23877,0.9,BULL CREEK
7200831,30895.25355,0.81,BULL CREEK
7200831,32811,2.08,BULL CREEK
7200852_D,22729.16376,7.57,BIG CREEK
7200852_D,22995.22279,1.44,BIG CREEK
7200852_D,30895.22121,0.65,BIG CREEK
7200852_D,30895.23582,1.3,BIG CREEK
7200852_D,30895.27927,4.68,BIG CREEK
7200852_D,34419.27514,3.54,BIG CREEK
7200870,14102,15.7,BIG CREEK
7200870,14102,1.78,BIG CREEK
7200870,22995.15127,2.65,BIG CREEK
7200870,30895.14102,3.5,BIG CREEK
7200870,32811,9.02,BIG CREEK
7200879,37486,240,PLATEAU CREEK
7200911,13771,3.85,BIG CREEK
7200911,30895.24264,1.85,BIG CREEK
7200911,32811,2.55,BIG CREEK
7200911,99999.99999,999,BIG CREEK
7200920,38847,20,PLATEAU CREEK
7200920,40013.39608,30,PLATEAU CREEK
7200933,13780,9.65,MESA CREEK
7200933,30895.14892,3.91,MESA CREEK
7200938,14102,13.38,BIG CREEK
7200938,14102,2.95,BIG CREEK
7200938,30895.13093,3,BIG CREEK
7200938,30895.24662,1.03,BIG CREEK
7200938,32811,7.76,BIG CREEK
7201233,40013.38954,18.54,BUZZARD CREEK
7201329_D,41791,15,COLORADO RIVER
7201330,41791,14,COLORADO RIVER
7201334,46751.46599,11,MESA CREEK
7201339,46995,4.1,COON CREEK
7201478,37503.3677,56,COLORADO RIVER
7201487,38846.99999,20,COTTONWOOD CREEK
7201487,40013.39607,30,COTTONWOOD CREEK
7201523,37780,57.25,COLORADO RIVER
7201574,51134.41195,1,COON CREEK
7202003,99999.92,0,LEACH CREEK
7202003,99999.92,0,LEACH CREEK
7202003_M,99999.91,0,LEACH CREEK
7204715,22995.18425,54,MIDDLE LEON CREEK
7204721,22995.20976,9,OWENS CREEK
7204721,23177,9.9,OWENS CREEK
72_ADC051,14374,4.95,#N/A
72_ADC051,20605,2.73,#N/A
72_ADC051,28805,2.54,#N/A
72_ADC051,31571,2,#N/A
72_ADC051,33370,12.57,#N/A
72_ADC051,34752,3,#N/A
72_ADC051,50556,10,#N/A
72_ADC052,14150,1.46,#N/A
72_ADC052,15055,13.24,#N/A
72_ADC052,22340,2.72,#N/A
72_ADC052,23609,4.15,#N/A
72_ADC052,32811,7.76,#N/A
72_ADC053,14061,5.81,#N/A
72_ADC053,15845,6.06,#N/A
72_ADC053,13336,2.5,#N/A
72_ADC053,25214,12,#N/A
72_ADC053,32210,12.55,#N/A
72_ADC053,33581,0.66,#N/A
72_ADC053,51790,1.5,#N/A
72_ADC054,19325,9.18,#N/A
72_ADC054,25575,14.61,#N/A
72_ADC054,33317,14.02,#N/A
72_ADC054,35292,3.63,#N/A
72_ADC054,45724,4,#N/A
72_ADC055,14006,8.58,#N/A
72_ADC055,16867,5.4,#N/A
72_ADC055,19204,14.24,#N/A
72_ADC055,25261,12.91,#N/A
72_ADC055,31304,18.1,#N/A
72_ADC055,42564,1.5,#N/A
72_ADC055,29340,3,#N/A
72_ADC056,13543,4.22,#N/A
72_ADC056,14154,1.72,#N/A
72_ADC056,13466,2.4,#N/A
72_ADC056,24678,11.02,#N/A
72_ADC056,27304,8.69,#N/A
72_ADC056,33358,0.5,#N/A
72_ADC057,13449,4.88,#N/A
72_ADC057,18093,9.91,#N/A
72_ADC057,24595,6.05,#N/A
72_ADC057,32811,0.97,#N/A
72_ADC057,21550,0.03,#N/A
72_ADC058,12834,5.13,#N/A
72_ADC058,14121,1.63,#N/A
72_ADC058,17623,0.7,#N/A
72_ADC058,20752,3.06,#N/A
72_ADC058,24211,1.02,#N/A
72_ADC058,32811,1.25,#N/A
72_ADC058,17288,1.15,#N/A
72_ADC058,50503,2,#N/A
72_ADC059,14544,1.44,#N/A
72_ADC059,15912,3.45,#N/A
72_ADC059,15899,10.22,#N/A
72_ADC059,24376,10.05,#N/A
72_ADC059,31509,7.97,#N/A
72_ADC059,30808,5.46,#N/A
72_ADC059,28128,4.91,#N/A
72_ADC059,29371,1,#N/A
72_ADC060,13989,14.96,#N/A
72_ADC060,14793,11.27,#N/A
72_ADC060,23592,0.26,#N/A
72_ADC060,28020,4.61,#N/A
72_ADC061,13976,1.07,#N/A
72_ADC061,15187,2.25,#N/A
72_ADC061,17076,0.65,#N/A
72_ADC061,26347,15.22,#N/A
72_ADC061,32811,3.44,#N/A
72_ADC061,31516,0.55,#N/A
72_ADC061,46265,2,#N/A
72_ADC061,40177,1,#N/A
72_ADC062,17529,5.47,#N/A
72_ADC062,20827,3.11,#N/A
72_ADC062,24368,13.91,#N/A
72_ADC062,33149,4.93,#N/A
72_ADC062,35063,0.29,#N/A
72_ADC062,34894,1,#N/A
72_ADC063,14058,2.65,#N/A
72_ADC063,15521,5.58,#N/A
72_ADC063,17377,5.92,#N/A
72_ADC063,29496,0.72,#N/A
72_ADC063,24434,7.24,#N/A
72_ADC063,42718,2.63,#N/A
72_ADC064,14775,1.91,#N/A
72_ADC064,17231,0.94,#N/A
72_ADC064,23624,4.16,#N/A
72_ADC064,19722,0.58,#N/A
72_ADC064,47686,0.18,#N/A
72_ADC064,36269,2.69,#N/A
72_ADC065,12808,6.37,#N/A
72_ADC065,17333,4.2,#N/A
72_ADC065,22035,9.99,#N/A
72_ADC065,23259,13.85,#N/A
72_ADC065,33451,17.03,#N/A
72_ADC065,40598,2.5,#N/A
72_ADC065,45802,4,#N/A
72_ADC065,33237,0.5,#N/A
72_ADC065,46366,11.35,#N/A
72_AMC001,1,0,#N/A
72_GJMun,1,999,#N/A
72_UWCD,99999.99999,0,#N/A
ChevDem,99999.99999,0,#N/A
MoffatBF,99999.99999,0,#N/A
